-50,-60,-20,21,9,80,-89,-21,
-50,-55,-20,21,4,85,-90,-21,
-50,-50,-20,21,-1,90,-90,-21,
-50,-45,-20,21,-6,95,-90,-21,
-50,-40,-20,21,-11,99,-89,-21,
-50,-35,-20,21,-16,102,-87,-21,
-50,-30,-20,21,-21,106,-86,-21,
-50,-25,-20,21,-26,108,-83,-21,
-50,-20,-20,21,-31,111,-81,-21,
-50,-15,-20,21,-36,113,-77,-21,
-50,-10,-20,21,-41,114,-74,-21,
-50,-5,-20,21,-46,115,-69,-21,
-50,0,-20,21,-51,115,-65,-21,
-50,5,-20,21,-56,115,-60,-21,
-50,10,-20,21,-60,114,-55,-21,
-50,15,-20,21,-64,113,-49,-21,
-50,20,-20,21,-68,111,-44,-21,
-50,25,-20,21,-72,109,-38,-21,
-50,30,-20,21,-74,106,-32,-21,
-50,35,-20,21,-77,103,-27,-21,
-50,40,-20,21,-79,100,-21,-21,
-50,45,-20,21,-80,95,-15,-21,
-50,50,-20,21,-81,91,-10,-21,
-50,55,-20,21,-82,86,-4,-21,
-50,60,-20,21,-82,80,2,-21,
-45,-60,-20,19,9,82,-91,-19,
-45,-55,-20,19,4,87,-91,-19,
-45,-50,-20,19,-1,92,-92,-19,
-45,-45,-20,19,-6,96,-91,-19,
-45,-40,-20,19,-11,101,-91,-19,
-45,-35,-20,19,-16,104,-89,-19,
-45,-30,-20,19,-21,108,-88,-19,
-45,-25,-20,19,-26,110,-85,-19,
-45,-20,-20,19,-31,113,-82,-19,
-45,-15,-20,19,-36,115,-79,-19,
-45,-10,-20,19,-42,116,-75,-19,
-45,-5,-20,19,-47,117,-71,-19,
-45,0,-20,19,-52,117,-66,-19,
-45,5,-20,19,-57,117,-61,-19,
-45,10,-20,19,-61,116,-56,-19,
-45,15,-20,19,-66,115,-50,-19,
-45,20,-20,19,-70,113,-44,-19,
-45,25,-20,19,-73,111,-39,-19,
-45,30,-20,19,-76,108,-33,-19,
-45,35,-20,19,-78,105,-27,-19,
-45,40,-20,19,-80,102,-22,-19,
-45,45,-20,19,-82,97,-15,-19,
-45,50,-20,19,-83,93,-10,-19,
-45,55,-20,19,-84,88,-4,-19,
-45,60,-20,19,-84,82,1,-19,
-40,-60,-20,17,9,84,-92,-17,
-40,-55,-20,17,4,88,-93,-17,
-40,-50,-20,17,-1,93,-93,-17,
-40,-45,-20,17,-6,98,-93,-17,
-40,-40,-20,17,-11,102,-92,-17,
-40,-35,-20,17,-16,106,-91,-17,
-40,-30,-20,17,-21,109,-89,-17,
-40,-25,-20,17,-26,112,-87,-17,
-40,-20,-20,17,-31,115,-84,-17,
-40,-15,-20,17,-37,116,-81,-17,
-40,-10,-20,17,-42,118,-77,-17,
-40,-5,-20,17,-47,119,-72,-17,
-40,0,-20,17,-53,119,-67,-17,
-40,5,-20,17,-58,119,-62,-17,
-40,10,-20,17,-62,118,-57,-17,
-40,15,-20,17,-67,117,-51,-17,
-40,20,-20,17,-71,115,-45,-17,
-40,25,-20,17,-74,113,-39,-17,
-40,30,-20,17,-77,110,-33,-17,
-40,35,-20,17,-80,107,-28,-17,
-40,40,-20,17,-82,103,-22,-17,
-40,45,-20,17,-83,99,-16,-17,
-40,50,-20,17,-84,94,-10,-17,
-40,55,-20,17,-85,89,-4,-17,
-40,60,-20,17,-85,84,1,-17,
-35,-60,-20,15,9,85,-94,-15,
-35,-55,-20,15,4,90,-95,-15,
-35,-50,-20,15,-1,95,-95,-15,
-35,-45,-20,15,-6,100,-95,-15,
-35,-40,-20,15,-11,104,-94,-15,
-35,-35,-20,15,-16,108,-93,-15,
-35,-30,-20,15,-21,111,-91,-15,
-35,-25,-20,15,-26,114,-88,-15,
-35,-20,-20,15,-32,116,-86,-15,
-35,-15,-20,15,-37,118,-82,-15,
-35,-10,-20,15,-42,120,-78,-15,
-35,-5,-20,15,-48,120,-73,-15,
-35,0,-20,15,-53,121,-68,-15,
-35,5,-20,15,-58,121,-63,-15,
-35,10,-20,15,-63,120,-57,-15,
-35,15,-20,15,-68,119,-52,-15,
-35,20,-20,15,-72,117,-46,-15,
-35,25,-20,15,-75,114,-40,-15,
-35,30,-20,15,-78,112,-34,-15,
-35,35,-20,15,-81,108,-28,-15,
-35,40,-20,15,-83,105,-22,-15,
-35,45,-20,15,-85,100,-16,-15,
-35,50,-20,15,-86,96,-10,-15,
-35,55,-20,15,-86,91,-5,-15,
-35,60,-20,15,-86,85,1,-15,
-30,-60,-20,13,9,87,-95,-13,
-30,-55,-20,13,4,91,-96,-13,
-30,-50,-20,13,-1,96,-96,-13,
-30,-45,-20,13,-6,101,-96,-13,
-30,-40,-20,13,-11,105,-95,-13,
-30,-35,-20,13,-16,109,-94,-13,
-30,-30,-20,13,-21,112,-92,-13,
-30,-25,-20,13,-26,115,-90,-13,
-30,-20,-20,13,-32,118,-87,-13,
-30,-15,-20,13,-37,120,-83,-13,
-30,-10,-20,13,-43,121,-79,-13,
-30,-5,-20,13,-48,122,-74,-13,
-30,0,-20,13,-54,122,-69,-13,
-30,5,-20,13,-59,122,-64,-13,
-30,10,-20,13,-64,121,-58,-13,
-30,15,-20,13,-69,120,-52,-13,
-30,20,-20,13,-73,118,-46,-13,
-30,25,-20,13,-76,116,-40,-13,
-30,30,-20,13,-79,113,-34,-13,
-30,35,-20,13,-82,110,-28,-13,
-30,40,-20,13,-84,106,-22,-13,
-30,45,-20,13,-86,102,-16,-13,
-30,50,-20,13,-87,97,-10,-13,
-30,55,-20,13,-88,92,-5,-13,
-30,60,-20,13,-88,87,1,-13,
-25,-60,-20,11,9,88,-96,-11,
-25,-55,-20,11,4,92,-97,-11,
-25,-50,-20,11,-1,97,-98,-11,
-25,-45,-20,11,-5,102,-97,-11,
-25,-40,-20,11,-10,106,-97,-11,
-25,-35,-20,11,-16,110,-95,-11,
-25,-30,-20,11,-21,113,-93,-11,
-25,-25,-20,11,-26,116,-91,-11,
-25,-20,-20,11,-32,119,-88,-11,
-25,-15,-20,11,-37,121,-84,-11,
-25,-10,-20,11,-43,122,-80,-11,
-25,-5,-20,11,-49,123,-75,-11,
-25,0,-20,11,-54,123,-70,-11,
-25,5,-20,11,-59,123,-65,-11,
-25,10,-20,11,-65,122,-59,-11,
-25,15,-20,11,-69,121,-53,-11,
-25,20,-20,11,-73,119,-47,-11,
-25,25,-20,11,-77,117,-40,-11,
-25,30,-20,11,-80,114,-34,-11,
-25,35,-20,11,-83,111,-28,-11,
-25,40,-20,11,-85,107,-22,-11,
-25,45,-20,11,-87,103,-16,-11,
-25,50,-20,11,-88,98,-10,-11,
-25,55,-20,11,-89,93,-5,-11,
-25,60,-20,11,-89,88,1,-11,
-20,-60,-20,9,9,88,-97,-9,
-20,-55,-20,9,4,93,-98,-9,
-20,-50,-20,9,0,98,-98,-9,
-20,-45,-20,9,-5,103,-98,-9,
-20,-40,-20,9,-10,107,-98,-9,
-20,-35,-20,9,-15,111,-96,-9,
-20,-30,-20,9,-21,114,-94,-9,
-20,-25,-20,9,-26,117,-92,-9,
-20,-20,-20,9,-32,120,-89,-9,
-20,-15,-20,9,-37,122,-85,-9,
-20,-10,-20,9,-43,123,-81,-9,
-20,-5,-20,9,-49,124,-76,-9,
-20,0,-20,9,-54,124,-71,-9,
-20,5,-20,9,-60,124,-65,-9,
-20,10,-20,9,-65,123,-59,-9,
-20,15,-20,9,-70,122,-53,-9,
-20,20,-20,9,-74,120,-47,-9,
-20,25,-20,9,-78,118,-41,-9,
-20,30,-20,9,-81,115,-34,-9,
-20,35,-20,9,-84,112,-28,-9,
-20,40,-20,9,-86,108,-22,-9,
-20,45,-20,9,-88,104,-16,-9,
-20,50,-20,9,-89,99,-10,-9,
-20,55,-20,9,-89,94,-5,-9,
-20,60,-20,9,-89,88,1,-9,
-15,-60,-20,7,9,89,-98,-7,
-15,-55,-20,7,4,94,-99,-7,
-15,-50,-20,7,0,99,-99,-7,
-15,-45,-20,7,-5,103,-99,-7,
-15,-40,-20,7,-10,108,-98,-7,
-15,-35,-20,7,-15,112,-97,-7,
-15,-30,-20,7,-21,115,-95,-7,
-15,-25,-20,7,-26,118,-93,-7,
-15,-20,-20,7,-32,120,-90,-7,
-15,-15,-20,7,-37,122,-86,-7,
-15,-10,-20,7,-43,124,-82,-7,
-15,-5,-20,7,-49,125,-77,-7,
-15,0,-20,7,-55,125,-71,-7,
-15,5,-20,7,-60,125,-66,-7,
-15,10,-20,7,-65,124,-60,-7,
-15,15,-20,7,-70,123,-53,-7,
-15,20,-20,7,-75,121,-47,-7,
-15,25,-20,7,-78,119,-41,-7,
-15,30,-20,7,-82,116,-35,-7,
-15,35,-20,7,-84,112,-28,-7,
-15,40,-20,7,-87,109,-22,-7,
-15,45,-20,7,-88,104,-16,-7,
-15,50,-20,7,-89,100,-10,-7,
-15,55,-20,7,-90,95,-5,-7,
-15,60,-20,7,-90,89,1,-7,
-10,-60,-20,4,9,90,-99,-4,
-10,-55,-20,4,5,94,-99,-4,
-10,-50,-20,4,0,99,-100,-4,
-10,-45,-20,4,-5,104,-100,-4,
-10,-40,-20,4,-10,108,-99,-4,
-10,-35,-20,4,-15,112,-98,-4,
-10,-30,-20,4,-21,115,-96,-4,
-10,-25,-20,4,-26,118,-93,-4,
-10,-20,-20,4,-32,121,-90,-4,
-10,-15,-20,4,-37,123,-86,-4,
-10,-10,-20,4,-43,124,-82,-4,
-10,-5,-20,4,-49,125,-77,-4,
-10,0,-20,4,-55,126,-72,-4,
-10,5,-20,4,-60,126,-66,-4,
-10,10,-20,4,-66,125,-60,-4,
-10,15,-20,4,-71,123,-54,-4,
-10,20,-20,4,-75,122,-47,-4,
-10,25,-20,4,-79,119,-41,-4,
-10,30,-20,4,-82,116,-35,-4,
-10,35,-20,4,-85,113,-29,-4,
-10,40,-20,4,-87,109,-23,-4,
-10,45,-20,4,-89,105,-16,-4,
-10,50,-20,4,-90,100,-10,-4,
-10,55,-20,4,-90,95,-5,-4,
-10,60,-20,4,-91,90,1,-4,
-5,-60,-20,2,9,90,-99,-2,
-5,-55,-20,2,5,94,-100,-2,
-5,-50,-20,2,0,99,-100,-2,
-5,-45,-20,2,-5,104,-100,-2,
-5,-40,-20,2,-10,108,-99,-2,
-5,-35,-20,2,-15,112,-98,-2,
-5,-30,-20,2,-21,116,-96,-2,
-5,-25,-20,2,-26,119,-94,-2,
-5,-20,-20,2,-32,121,-91,-2,
-5,-15,-20,2,-37,123,-87,-2,
-5,-10,-20,2,-43,125,-82,-2,
-5,-5,-20,2,-49,126,-77,-2,
-5,0,-20,2,-55,126,-72,-2,
-5,5,-20,2,-61,126,-66,-2,
-5,10,-20,2,-66,125,-60,-2,
-5,15,-20,2,-71,124,-54,-2,
-5,20,-20,2,-75,122,-47,-2,
-5,25,-20,2,-79,119,-41,-2,
-5,30,-20,2,-82,117,-35,-2,
-5,35,-20,2,-85,113,-29,-2,
-5,40,-20,2,-87,109,-23,-2,
-5,45,-20,2,-89,105,-16,-2,
-5,50,-20,2,-90,100,-10,-2,
-5,55,-20,2,-91,95,-5,-2,
-5,60,-20,2,-91,90,1,-2,
0,-60,-20,0,9,90,-99,0,
0,-55,-20,0,5,95,-100,0,
0,-50,-20,0,0,100,-100,0,
0,-45,-20,0,-5,104,-100,0,
0,-40,-20,0,-10,109,-99,0,
0,-35,-20,0,-15,112,-98,0,
0,-30,-20,0,-21,116,-96,0,
0,-25,-20,0,-26,119,-94,0,
0,-20,-20,0,-32,121,-91,0,
0,-15,-20,0,-37,123,-87,0,
0,-10,-20,0,-43,125,-82,0,
0,-5,-20,0,-49,126,-78,0,
0,0,-20,0,-55,126,-72,0,
0,5,-20,0,-61,126,-66,0,
0,10,-20,0,-66,125,-60,0,
0,15,-20,0,-71,124,-54,0,
0,20,-20,0,-75,122,-47,0,
0,25,-20,0,-79,120,-41,0,
0,30,-20,0,-83,117,-35,0,
0,35,-20,0,-85,113,-29,0,
0,40,-20,0,-87,110,-23,0,
0,45,-20,0,-89,105,-16,0,
0,50,-20,0,-90,100,-10,0,
0,55,-20,0,-91,95,-5,0,
0,60,-20,0,-91,90,1,0,
5,-60,-20,-2,9,90,-99,2,
5,-55,-20,-2,5,94,-100,2,
5,-50,-20,-2,0,99,-100,2,
5,-45,-20,-2,-5,104,-100,2,
5,-40,-20,-2,-10,108,-99,2,
5,-35,-20,-2,-15,112,-98,2,
5,-30,-20,-2,-21,116,-96,2,
5,-25,-20,-2,-26,119,-94,2,
5,-20,-20,-2,-32,121,-91,2,
5,-15,-20,-2,-37,123,-87,2,
5,-10,-20,-2,-43,125,-82,2,
5,-5,-20,-2,-49,126,-77,2,
5,0,-20,-2,-55,126,-72,2,
5,5,-20,-2,-61,126,-66,2,
5,10,-20,-2,-66,125,-60,2,
5,15,-20,-2,-71,124,-54,2,
5,20,-20,-2,-75,122,-47,2,
5,25,-20,-2,-79,119,-41,2,
5,30,-20,-2,-82,117,-35,2,
5,35,-20,-2,-85,113,-29,2,
5,40,-20,-2,-87,109,-22,2,
5,45,-20,-2,-89,105,-16,2,
5,50,-20,-2,-90,100,-10,2,
5,55,-20,-2,-91,95,-5,2,
5,60,-20,-2,-91,90,1,2,
10,-60,-20,-4,9,90,-99,4,
10,-55,-20,-4,5,94,-99,4,
10,-50,-20,-4,0,99,-100,4,
10,-45,-20,-4,-5,104,-100,4,
10,-40,-20,-4,-10,108,-99,4,
10,-35,-20,-4,-15,112,-98,4,
10,-30,-20,-4,-21,115,-96,4,
10,-25,-20,-4,-26,118,-93,4,
10,-20,-20,-4,-32,121,-90,4,
10,-15,-20,-4,-37,123,-87,4,
10,-10,-20,-4,-43,124,-82,4,
10,-5,-20,-4,-49,125,-77,4,
10,0,-20,-4,-55,126,-72,4,
10,5,-20,-4,-60,126,-66,4,
10,10,-20,-4,-66,125,-60,4,
10,15,-20,-4,-71,123,-54,4,
10,20,-20,-4,-75,122,-47,4,
10,25,-20,-4,-79,119,-41,4,
10,30,-20,-4,-82,116,-35,4,
10,35,-20,-4,-85,113,-29,4,
10,40,-20,-4,-87,109,-23,4,
10,45,-20,-4,-89,105,-16,4,
10,50,-20,-4,-90,100,-10,4,
10,55,-20,-4,-90,95,-5,4,
10,60,-20,-4,-91,90,1,4,
15,-60,-20,-7,9,89,-98,7,
15,-55,-20,-7,4,94,-99,7,
15,-50,-20,-7,0,99,-99,7,
15,-45,-20,-7,-5,103,-99,7,
15,-40,-20,-7,-10,108,-98,7,
15,-35,-20,-7,-15,111,-97,7,
15,-30,-20,-7,-21,115,-95,7,
15,-25,-20,-7,-26,118,-93,7,
15,-20,-20,-7,-32,120,-90,7,
15,-15,-20,-7,-37,122,-86,7,
15,-10,-20,-7,-43,124,-82,7,
15,-5,-20,-7,-49,125,-77,7,
15,0,-20,-7,-55,125,-71,7,
15,5,-20,-7,-60,125,-66,7,
15,10,-20,-7,-65,124,-60,7,
15,15,-20,-7,-70,123,-53,7,
15,20,-20,-7,-75,121,-47,7,
15,25,-20,-7,-78,119,-41,7,
15,30,-20,-7,-82,116,-35,7,
15,35,-20,-7,-84,112,-28,7,
15,40,-20,-7,-87,108,-22,7,
15,45,-20,-7,-88,104,-16,7,
15,50,-20,-7,-89,100,-10,7,
15,55,-20,-7,-90,95,-5,7,
15,60,-20,-7,-90,89,1,7,
20,-60,-20,-9,9,88,-97,9,
20,-55,-20,-9,4,93,-98,9,
20,-50,-20,-9,0,98,-98,9,
20,-45,-20,-9,-5,103,-98,9,
20,-40,-20,-9,-10,107,-98,9,
20,-35,-20,-9,-15,111,-96,9,
20,-30,-20,-9,-21,114,-94,9,
20,-25,-20,-9,-26,117,-92,9,
20,-20,-20,-9,-32,120,-89,9,
20,-15,-20,-9,-37,122,-85,9,
20,-10,-20,-9,-43,123,-81,9,
20,-5,-20,-9,-49,124,-76,9,
20,0,-20,-9,-54,124,-71,9,
20,5,-20,-9,-60,124,-65,9,
20,10,-20,-9,-65,123,-59,9,
20,15,-20,-9,-70,122,-53,9,
20,20,-20,-9,-74,120,-47,9,
20,25,-20,-9,-78,118,-41,9,
20,30,-20,-9,-81,115,-34,9,
20,35,-20,-9,-84,112,-28,9,
20,40,-20,-9,-86,108,-22,9,
20,45,-20,-9,-88,104,-16,9,
20,50,-20,-9,-89,99,-10,9,
20,55,-20,-9,-89,94,-5,9,
20,60,-20,-9,-89,88,1,9,
25,-60,-20,-11,9,88,-96,11,
25,-55,-20,-11,4,92,-97,11,
25,-50,-20,-11,-1,97,-98,11,
25,-45,-20,-11,-5,102,-97,11,
25,-40,-20,-11,-10,106,-97,11,
25,-35,-20,-11,-16,110,-95,11,
25,-30,-20,-11,-21,113,-93,11,
25,-25,-20,-11,-26,116,-91,11,
25,-20,-20,-11,-32,119,-88,11,
25,-15,-20,-11,-37,121,-84,11,
25,-10,-20,-11,-43,122,-80,11,
25,-5,-20,-11,-49,123,-75,11,
25,0,-20,-11,-54,123,-70,11,
25,5,-20,-11,-59,123,-65,11,
25,10,-20,-11,-65,122,-59,11,
25,15,-20,-11,-69,121,-53,11,
25,20,-20,-11,-73,119,-47,11,
25,25,-20,-11,-77,117,-40,11,
25,30,-20,-11,-80,114,-34,11,
25,35,-20,-11,-83,111,-28,11,
25,40,-20,-11,-85,107,-22,11,
25,45,-20,-11,-87,103,-16,11,
25,50,-20,-11,-88,98,-10,11,
25,55,-20,-11,-89,93,-5,11,
25,60,-20,-11,-89,88,1,11,
30,-60,-20,-13,9,87,-95,13,
30,-55,-20,-13,4,91,-96,13,
30,-50,-20,-13,-1,96,-96,13,
30,-45,-20,-13,-6,101,-96,13,
30,-40,-20,-13,-11,105,-95,13,
30,-35,-20,-13,-16,109,-94,13,
30,-30,-20,-13,-21,112,-92,13,
30,-25,-20,-13,-26,115,-90,13,
30,-20,-20,-13,-32,118,-87,13,
30,-15,-20,-13,-37,120,-83,13,
30,-10,-20,-13,-43,121,-79,13,
30,-5,-20,-13,-48,122,-74,13,
30,0,-20,-13,-54,122,-69,13,
30,5,-20,-13,-59,122,-64,13,
30,10,-20,-13,-64,121,-58,13,
30,15,-20,-13,-69,120,-52,13,
30,20,-20,-13,-73,118,-46,13,
30,25,-20,-13,-76,116,-40,13,
30,30,-20,-13,-79,113,-34,13,
30,35,-20,-13,-82,110,-28,13,
30,40,-20,-13,-84,106,-22,13,
30,45,-20,-13,-86,102,-16,13,
30,50,-20,-13,-87,97,-10,13,
30,55,-20,-13,-88,92,-5,13,
30,60,-20,-13,-88,87,1,13,
35,-60,-20,-15,9,85,-94,15,
35,-55,-20,-15,4,90,-95,15,
35,-50,-20,-15,-1,95,-95,15,
35,-45,-20,-15,-6,100,-95,15,
35,-40,-20,-15,-11,104,-94,15,
35,-35,-20,-15,-16,108,-93,15,
35,-30,-20,-15,-21,111,-91,15,
35,-25,-20,-15,-26,114,-88,15,
35,-20,-20,-15,-32,116,-86,15,
35,-15,-20,-15,-37,118,-82,15,
35,-10,-20,-15,-42,120,-78,15,
35,-5,-20,-15,-48,120,-73,15,
35,0,-20,-15,-53,121,-68,15,
35,5,-20,-15,-58,121,-63,15,
35,10,-20,-15,-63,120,-57,15,
35,15,-20,-15,-68,119,-52,15,
35,20,-20,-15,-72,117,-46,15,
35,25,-20,-15,-75,114,-40,15,
35,30,-20,-15,-78,112,-34,15,
35,35,-20,-15,-81,108,-28,15,
35,40,-20,-15,-83,105,-22,15,
35,45,-20,-15,-85,100,-16,15,
35,50,-20,-15,-86,96,-10,15,
35,55,-20,-15,-86,91,-5,15,
35,60,-20,-15,-86,85,1,15,
40,-60,-20,-17,9,84,-92,17,
40,-55,-20,-17,4,89,-93,17,
40,-50,-20,-17,-1,93,-93,17,
40,-45,-20,-17,-6,98,-93,17,
40,-40,-20,-17,-11,102,-92,17,
40,-35,-20,-17,-16,106,-91,17,
40,-30,-20,-17,-21,109,-89,17,
40,-25,-20,-17,-26,112,-87,17,
40,-20,-20,-17,-31,115,-84,17,
40,-15,-20,-17,-37,116,-81,17,
40,-10,-20,-17,-42,118,-77,17,
40,-5,-20,-17,-47,119,-72,17,
40,0,-20,-17,-53,119,-67,17,
40,5,-20,-17,-58,119,-62,17,
40,10,-20,-17,-62,118,-57,17,
40,15,-20,-17,-67,117,-51,17,
40,20,-20,-17,-71,115,-45,17,
40,25,-20,-17,-74,113,-39,17,
40,30,-20,-17,-77,110,-33,17,
40,35,-20,-17,-80,107,-28,17,
40,40,-20,-17,-82,103,-22,17,
40,45,-20,-17,-83,99,-16,17,
40,50,-20,-17,-84,94,-10,17,
40,55,-20,-17,-85,89,-4,17,
40,60,-20,-17,-85,84,1,17,
45,-60,-20,-19,9,82,-91,19,
45,-55,-20,-19,4,87,-91,19,
45,-50,-20,-19,-1,92,-92,19,
45,-45,-20,-19,-6,96,-91,19,
45,-40,-20,-19,-11,101,-91,19,
45,-35,-20,-19,-16,104,-89,19,
45,-30,-20,-19,-21,108,-88,19,
45,-25,-20,-19,-26,110,-85,19,
45,-20,-20,-19,-31,113,-82,19,
45,-15,-20,-19,-36,115,-79,19,
45,-10,-20,-19,-42,116,-75,19,
45,-5,-20,-19,-47,117,-71,19,
45,0,-20,-19,-52,117,-66,19,
45,5,-20,-19,-57,117,-61,19,
45,10,-20,-19,-61,116,-56,19,
45,15,-20,-19,-66,115,-50,19,
45,20,-20,-19,-70,113,-44,19,
45,25,-20,-19,-73,111,-39,19,
45,30,-20,-19,-76,108,-33,19,
45,35,-20,-19,-78,105,-27,19,
45,40,-20,-19,-80,102,-22,19,
45,45,-20,-19,-82,97,-15,19,
45,50,-20,-19,-83,93,-10,19,
45,55,-20,-19,-84,88,-4,19,
45,60,-20,-19,-84,82,1,19,
50,-60,-20,-21,9,80,-89,21,
50,-55,-20,-21,4,85,-90,21,
50,-50,-20,-21,-1,90,-90,21,
50,-45,-20,-21,-6,95,-90,21,
50,-40,-20,-21,-11,99,-89,21,
50,-35,-20,-21,-16,102,-87,21,
50,-30,-20,-21,-21,106,-86,21,
50,-25,-20,-21,-26,108,-83,21,
50,-20,-20,-21,-31,111,-81,21,
50,-15,-20,-21,-36,113,-77,21,
50,-10,-20,-21,-41,114,-74,21,
50,-5,-20,-21,-46,115,-69,21,
50,0,-20,-21,-51,115,-65,21,
50,5,-20,-21,-56,115,-60,21,
50,10,-20,-21,-60,114,-55,21,
50,15,-20,-21,-64,113,-49,21,
50,20,-20,-21,-68,111,-44,21,
50,25,-20,-21,-72,109,-38,21,
50,30,-20,-21,-74,106,-32,21,
50,35,-20,-21,-77,103,-27,21,
50,40,-20,-21,-79,100,-21,21,
50,45,-20,-21,-80,95,-15,21,
50,50,-20,-21,-81,91,-10,21,
50,55,-20,-21,-82,86,-4,21,
50,60,-20,-21,-82,80,2,21,
-50,-60,-15,20,9,75,-83,-20,
-50,-55,-15,20,4,79,-84,-20,
-50,-50,-15,20,-1,84,-85,-20,
-50,-45,-15,20,-6,89,-84,-20,
-50,-40,-15,20,-10,93,-84,-20,
-50,-35,-15,20,-15,97,-82,-20,
-50,-30,-15,20,-20,100,-81,-20,
-50,-25,-15,20,-25,103,-79,-20,
-50,-20,-15,20,-30,105,-76,-20,
-50,-15,-15,20,-35,107,-73,-20,
-50,-10,-15,20,-40,108,-69,-20,
-50,-5,-15,20,-44,109,-65,-20,
-50,0,-15,20,-49,109,-61,-20,
-50,5,-15,20,-53,109,-56,-20,
-50,10,-15,20,-57,108,-52,-20,
-50,15,-15,20,-61,107,-47,-20,
-50,20,-15,20,-65,105,-41,-20,
-50,25,-15,20,-68,103,-36,-20,
-50,30,-15,20,-70,101,-31,-20,
-50,35,-15,20,-73,98,-25,-20,
-50,40,-15,20,-75,94,-20,-20,
-50,45,-15,20,-76,90,-14,-20,
-50,50,-15,20,-77,85,-9,-20,
-50,55,-15,20,-77,80,-3,-20,
-50,60,-15,20,-77,75,3,-20,
-45,-60,-15,18,9,77,-85,-18,
-45,-55,-15,18,4,81,-86,-18,
-45,-50,-15,18,-1,86,-86,-18,
-45,-45,-15,18,-6,91,-86,-18,
-45,-40,-15,18,-11,95,-85,-18,
-45,-35,-15,18,-15,99,-84,-18,
-45,-30,-15,18,-20,102,-82,-18,
-45,-25,-15,18,-25,105,-80,-18,
-45,-20,-15,18,-30,107,-78,-18,
-45,-15,-15,18,-35,109,-74,-18,
-45,-10,-15,18,-40,110,-71,-18,
-45,-5,-15,18,-45,111,-67,-18,
-45,0,-15,18,-50,111,-62,-18,
-45,5,-15,18,-54,111,-58,-18,
-45,10,-15,18,-58,110,-53,-18,
-45,15,-15,18,-62,109,-48,-18,
-45,20,-15,18,-66,108,-42,-18,
-45,25,-15,18,-69,105,-37,-18,
-45,30,-15,18,-72,103,-31,-18,
-45,35,-15,18,-74,100,-26,-18,
-45,40,-15,18,-76,96,-20,-18,
-45,45,-15,18,-77,92,-14,-18,
-45,50,-15,18,-78,87,-9,-18,
-45,55,-15,18,-79,82,-3,-18,
-45,60,-15,18,-79,77,2,-18,
-40,-60,-15,16,9,78,-87,-16,
-40,-55,-15,16,4,83,-88,-16,
-40,-50,-15,16,-1,88,-88,-16,
-40,-45,-15,16,-6,93,-88,-16,
-40,-40,-15,16,-11,97,-87,-16,
-40,-35,-15,16,-16,101,-86,-16,
-40,-30,-15,16,-21,104,-84,-16,
-40,-25,-15,16,-26,107,-82,-16,
-40,-20,-15,16,-31,109,-79,-16,
-40,-15,-15,16,-36,111,-76,-16,
-40,-10,-15,16,-41,112,-72,-16,
-40,-5,-15,16,-46,113,-68,-16,
-40,0,-15,16,-50,113,-64,-16,
-40,5,-15,16,-55,113,-59,-16,
-40,10,-15,16,-59,112,-54,-16,
-40,15,-15,16,-63,111,-48,-16,
-40,20,-15,16,-67,109,-43,-16,
-40,25,-15,16,-70,107,-37,-16,
-40,30,-15,16,-73,105,-32,-16,
-40,35,-15,16,-75,101,-26,-16,
-40,40,-15,16,-77,98,-21,-16,
-40,45,-15,16,-79,94,-15,-16,
-40,50,-15,16,-80,89,-9,-16,
-40,55,-15,16,-80,84,-4,-16,
-40,60,-15,16,-80,79,2,-16,
-35,-60,-15,14,9,80,-89,-14,
-35,-55,-15,14,4,85,-89,-14,
-35,-50,-15,14,-1,90,-90,-14,
-35,-45,-15,14,-6,94,-89,-14,
-35,-40,-15,14,-11,98,-88,-14,
-35,-35,-15,14,-16,102,-87,-14,
-35,-30,-15,14,-21,105,-86,-14,
-35,-25,-15,14,-26,108,-83,-14,
-35,-20,-15,14,-31,110,-80,-14,
-35,-15,-15,14,-36,112,-77,-14,
-35,-10,-15,14,-41,114,-73,-14,
-35,-5,-15,14,-46,114,-69,-14,
-35,0,-15,14,-51,115,-65,-14,
-35,5,-15,14,-56,115,-60,-14,
-35,10,-15,14,-60,114,-54,-14,
-35,15,-15,14,-64,113,-49,-14,
-35,20,-15,14,-68,111,-44,-14,
-35,25,-15,14,-71,109,-38,-14,
-35,30,-15,14,-74,106,-32,-14,
-35,35,-15,14,-77,103,-27,-14,
-35,40,-15,14,-79,99,-21,-14,
-35,45,-15,14,-80,95,-15,-14,
-35,50,-15,14,-81,91,-10,-14,
-35,55,-15,14,-82,86,-4,-14,
-35,60,-15,14,-82,80,2,-14,
-30,-60,-15,12,9,81,-90,-12,
-30,-55,-15,12,4,86,-91,-12,
-30,-50,-15,12,-1,91,-91,-12,
-30,-45,-15,12,-6,96,-91,-12,
-30,-40,-15,12,-11,100,-90,-12,
-30,-35,-15,12,-16,103,-89,-12,
-30,-30,-15,12,-21,107,-87,-12,
-30,-25,-15,12,-26,110,-84,-12,
-30,-20,-15,12,-31,112,-82,-12,
-30,-15,-15,12,-36,114,-78,-12,
-30,-10,-15,12,-41,115,-75,-12,
-30,-5,-15,12,-47,116,-70,-12,
-30,0,-15,12,-52,116,-66,-12,
-30,5,-15,12,-56,116,-60,-12,
-30,10,-15,12,-61,115,-55,-12,
-30,15,-15,12,-65,114,-50,-12,
-30,20,-15,12,-69,112,-44,-12,
-30,25,-15,12,-72,110,-38,-12,
-30,30,-15,12,-75,107,-33,-12,
-30,35,-15,12,-78,104,-27,-12,
-30,40,-15,12,-80,101,-21,-12,
-30,45,-15,12,-81,96,-15,-12,
-30,50,-15,12,-82,92,-10,-12,
-30,55,-15,12,-83,87,-4,-12,
-30,60,-15,12,-83,81,1,-12,
-25,-60,-15,10,9,82,-91,-10,
-25,-55,-15,10,4,87,-92,-10,
-25,-50,-15,10,-1,92,-92,-10,
-25,-45,-15,10,-6,97,-92,-10,
-25,-40,-15,10,-11,101,-91,-10,
-25,-35,-15,10,-16,105,-90,-10,
-25,-30,-15,10,-21,108,-88,-10,
-25,-25,-15,10,-26,111,-86,-10,
-25,-20,-15,10,-31,113,-83,-10,
-25,-15,-15,10,-36,115,-79,-10,
-25,-10,-15,10,-42,116,-75,-10,
-25,-5,-15,10,-47,117,-71,-10,
-25,0,-15,10,-52,118,-66,-10,
-25,5,-15,10,-57,117,-61,-10,
-25,10,-15,10,-62,117,-56,-10,
-25,15,-15,10,-66,115,-50,-10,
-25,20,-15,10,-70,114,-44,-10,
-25,25,-15,10,-73,111,-39,-10,
-25,30,-15,10,-76,109,-33,-10,
-25,35,-15,10,-79,105,-27,-10,
-25,40,-15,10,-81,102,-21,-10,
-25,45,-15,10,-82,97,-15,-10,
-25,50,-15,10,-83,93,-10,-10,
-25,55,-15,10,-84,88,-4,-10,
-25,60,-15,10,-84,82,1,-10,
-20,-60,-15,8,9,83,-92,-8,
-20,-55,-15,8,4,88,-93,-8,
-20,-50,-15,8,-1,93,-93,-8,
-20,-45,-15,8,-6,98,-93,-8,
-20,-40,-15,8,-11,102,-92,-8,
-20,-35,-15,8,-16,105,-91,-8,
-20,-30,-15,8,-21,109,-89,-8,
-20,-25,-15,8,-26,112,-86,-8,
-20,-20,-15,8,-31,114,-84,-8,
-20,-15,-15,8,-37,116,-80,-8,
-20,-10,-15,8,-42,117,-76,-8,
-20,-5,-15,8,-47,118,-72,-8,
-20,0,-15,8,-52,119,-67,-8,
-20,5,-15,8,-57,118,-62,-8,
-20,10,-15,8,-62,118,-56,-8,
-20,15,-15,8,-66,116,-51,-8,
-20,20,-15,8,-70,115,-45,-8,
-20,25,-15,8,-74,112,-39,-8,
-20,30,-15,8,-77,110,-33,-8,
-20,35,-15,8,-79,106,-27,-8,
-20,40,-15,8,-81,103,-22,-8,
-20,45,-15,8,-83,98,-16,-8,
-20,50,-15,8,-84,94,-10,-8,
-20,55,-15,8,-85,89,-4,-8,
-20,60,-15,8,-85,83,1,-8,
-15,-60,-15,6,9,84,-93,-6,
-15,-55,-15,6,4,89,-93,-6,
-15,-50,-15,6,-1,94,-94,-6,
-15,-45,-15,6,-6,98,-93,-6,
-15,-40,-15,6,-11,102,-93,-6,
-15,-35,-15,6,-16,106,-91,-6,
-15,-30,-15,6,-21,110,-89,-6,
-15,-25,-15,6,-26,112,-87,-6,
-15,-20,-15,6,-31,115,-84,-6,
-15,-15,-15,6,-37,117,-81,-6,
-15,-10,-15,6,-42,118,-77,-6,
-15,-5,-15,6,-47,119,-72,-6,
-15,0,-15,6,-53,119,-67,-6,
-15,5,-15,6,-58,119,-62,-6,
-15,10,-15,6,-62,118,-57,-6,
-15,15,-15,6,-67,117,-51,-6,
-15,20,-15,6,-71,115,-45,-6,
-15,25,-15,6,-74,113,-39,-6,
-15,30,-15,6,-77,110,-33,-6,
-15,35,-15,6,-80,107,-28,-6,
-15,40,-15,6,-82,103,-21,-6,
-15,45,-15,6,-83,99,-16,-6,
-15,50,-15,6,-85,95,-10,-6,
-15,55,-15,6,-85,90,-4,-6,
-15,60,-15,6,-85,84,1,-6,
-10,-60,-15,4,9,85,-93,-4,
-10,-55,-15,4,4,89,-94,-4,
-10,-50,-15,4,-1,94,-94,-4,
-10,-45,-15,4,-6,99,-94,-4,
-10,-40,-15,4,-11,103,-93,-4,
-10,-35,-15,4,-16,107,-92,-4,
-10,-30,-15,4,-21,110,-90,-4,
-10,-25,-15,4,-26,113,-88,-4,
-10,-20,-15,4,-31,115,-85,-4,
-10,-15,-15,4,-37,117,-81,-4,
-10,-10,-15,4,-42,119,-77,-4,
-10,-5,-15,4,-48,119,-73,-4,
-10,0,-15,4,-53,120,-68,-4,
-10,5,-15,4,-58,120,-62,-4,
-10,10,-15,4,-63,119,-57,-4,
-10,15,-15,4,-67,118,-51,-4,
-10,20,-15,4,-71,116,-45,-4,
-10,25,-15,4,-75,114,-39,-4,
-10,30,-15,4,-78,111,-34,-4,
-10,35,-15,4,-80,108,-28,-4,
-10,40,-15,4,-82,104,-22,-4,
-10,45,-15,4,-84,100,-16,-4,
-10,50,-15,4,-85,95,-10,-4,
-10,55,-15,4,-86,90,-4,-4,
-10,60,-15,4,-86,85,1,-4,
-5,-60,-15,2,9,85,-93,-2,
-5,-55,-15,2,4,89,-94,-2,
-5,-50,-15,2,-1,94,-94,-2,
-5,-45,-15,2,-6,99,-94,-2,
-5,-40,-15,2,-11,103,-93,-2,
-5,-35,-15,2,-16,107,-92,-2,
-5,-30,-15,2,-21,110,-90,-2,
-5,-25,-15,2,-26,113,-88,-2,
-5,-20,-15,2,-31,116,-85,-2,
-5,-15,-15,2,-37,117,-82,-2,
-5,-10,-15,2,-42,119,-78,-2,
-5,-5,-15,2,-48,120,-73,-2,
-5,0,-15,2,-53,120,-68,-2,
-5,5,-15,2,-58,120,-63,-2,
-5,10,-15,2,-63,119,-57,-2,
-5,15,-15,2,-67,118,-51,-2,
-5,20,-15,2,-71,116,-45,-2,
-5,25,-15,2,-75,114,-40,-2,
-5,30,-15,2,-78,111,-34,-2,
-5,35,-15,2,-81,108,-28,-2,
-5,40,-15,2,-83,104,-22,-2,
-5,45,-15,2,-84,100,-16,-2,
-5,50,-15,2,-85,95,-10,-2,
-5,55,-15,2,-86,90,-4,-2,
-5,60,-15,2,-86,85,1,-2,
0,-60,-15,0,9,85,-94,0,
0,-55,-15,0,4,89,-94,0,
0,-50,-15,0,-1,95,-95,0,
0,-45,-15,0,-6,99,-94,0,
0,-40,-15,0,-11,103,-94,0,
0,-35,-15,0,-16,107,-92,0,
0,-30,-15,0,-21,110,-90,0,
0,-25,-15,0,-26,113,-88,0,
0,-20,-15,0,-31,116,-85,0,
0,-15,-15,0,-37,118,-82,0,
0,-10,-15,0,-42,119,-78,0,
0,-5,-15,0,-48,120,-73,0,
0,0,-15,0,-53,120,-68,0,
0,5,-15,0,-58,120,-63,0,
0,10,-15,0,-63,119,-57,0,
0,15,-15,0,-67,118,-51,0,
0,20,-15,0,-71,116,-45,0,
0,25,-15,0,-75,114,-40,0,
0,30,-15,0,-78,111,-34,0,
0,35,-15,0,-81,108,-28,0,
0,40,-15,0,-83,104,-22,0,
0,45,-15,0,-84,100,-16,0,
0,50,-15,0,-85,95,-10,0,
0,55,-15,0,-86,90,-4,0,
0,60,-15,0,-86,85,1,0,
5,-60,-15,-2,9,85,-93,2,
5,-55,-15,-2,4,89,-94,2,
5,-50,-15,-2,-1,94,-94,2,
5,-45,-15,-2,-6,99,-94,2,
5,-40,-15,-2,-11,103,-93,2,
5,-35,-15,-2,-16,107,-92,2,
5,-30,-15,-2,-21,110,-90,2,
5,-25,-15,-2,-26,113,-88,2,
5,-20,-15,-2,-31,116,-85,2,
5,-15,-15,-2,-37,118,-82,2,
5,-10,-15,-2,-42,119,-78,2,
5,-5,-15,-2,-48,120,-73,2,
5,0,-15,-2,-53,120,-68,2,
5,5,-15,-2,-58,120,-63,2,
5,10,-15,-2,-63,119,-57,2,
5,15,-15,-2,-67,118,-51,2,
5,20,-15,-2,-71,116,-45,2,
5,25,-15,-2,-75,114,-40,2,
5,30,-15,-2,-78,111,-34,2,
5,35,-15,-2,-81,108,-28,2,
5,40,-15,-2,-83,104,-22,2,
5,45,-15,-2,-84,100,-16,2,
5,50,-15,-2,-85,95,-10,2,
5,55,-15,-2,-86,90,-5,2,
5,60,-15,-2,-86,85,1,2,
10,-60,-15,-4,9,85,-93,4,
10,-55,-15,-4,4,89,-94,4,
10,-50,-15,-4,-1,94,-94,4,
10,-45,-15,-4,-6,99,-94,4,
10,-40,-15,-4,-11,103,-93,4,
10,-35,-15,-4,-16,107,-92,4,
10,-30,-15,-4,-21,110,-90,4,
10,-25,-15,-4,-26,113,-88,4,
10,-20,-15,-4,-31,115,-85,4,
10,-15,-15,-4,-37,117,-81,4,
10,-10,-15,-4,-42,119,-77,4,
10,-5,-15,-4,-48,120,-73,4,
10,0,-15,-4,-53,120,-68,4,
10,5,-15,-4,-58,120,-63,4,
10,10,-15,-4,-63,119,-57,4,
10,15,-15,-4,-67,118,-51,4,
10,20,-15,-4,-71,116,-45,4,
10,25,-15,-4,-75,114,-39,4,
10,30,-15,-4,-78,111,-34,4,
10,35,-15,-4,-80,108,-28,4,
10,40,-15,-4,-82,104,-22,4,
10,45,-15,-4,-84,100,-16,4,
10,50,-15,-4,-85,95,-10,4,
10,55,-15,-4,-86,90,-4,4,
10,60,-15,-4,-86,85,1,4,
15,-60,-15,-6,9,84,-93,6,
15,-55,-15,-6,4,89,-93,6,
15,-50,-15,-6,-1,94,-94,6,
15,-45,-15,-6,-6,98,-93,6,
15,-40,-15,-6,-11,102,-93,6,
15,-35,-15,-6,-16,106,-91,6,
15,-30,-15,-6,-21,110,-89,6,
15,-25,-15,-6,-26,112,-87,6,
15,-20,-15,-6,-31,115,-84,6,
15,-15,-15,-6,-37,117,-81,6,
15,-10,-15,-6,-42,118,-77,6,
15,-5,-15,-6,-47,119,-72,6,
15,0,-15,-6,-53,119,-67,6,
15,5,-15,-6,-58,119,-62,6,
15,10,-15,-6,-62,118,-57,6,
15,15,-15,-6,-67,117,-51,6,
15,20,-15,-6,-71,115,-45,6,
15,25,-15,-6,-74,113,-39,6,
15,30,-15,-6,-77,110,-33,6,
15,35,-15,-6,-80,107,-28,6,
15,40,-15,-6,-82,103,-22,6,
15,45,-15,-6,-83,99,-16,6,
15,50,-15,-6,-85,94,-10,6,
15,55,-15,-6,-85,90,-4,6,
15,60,-15,-6,-85,84,1,6,
20,-60,-15,-8,9,83,-92,8,
20,-55,-15,-8,4,88,-93,8,
20,-50,-15,-8,-1,93,-93,8,
20,-45,-15,-8,-6,98,-93,8,
20,-40,-15,-8,-11,102,-92,8,
20,-35,-15,-8,-16,105,-91,8,
20,-30,-15,-8,-21,109,-89,8,
20,-25,-15,-8,-26,112,-86,8,
20,-20,-15,-8,-31,114,-84,8,
20,-15,-15,-8,-37,116,-80,8,
20,-10,-15,-8,-42,117,-76,8,
20,-5,-15,-8,-47,118,-72,8,
20,0,-15,-8,-52,119,-67,8,
20,5,-15,-8,-57,118,-62,8,
20,10,-15,-8,-62,118,-56,8,
20,15,-15,-8,-66,116,-51,8,
20,20,-15,-8,-70,114,-45,8,
20,25,-15,-8,-74,112,-39,8,
20,30,-15,-8,-77,110,-33,8,
20,35,-15,-8,-79,106,-27,8,
20,40,-15,-8,-81,103,-22,8,
20,45,-15,-8,-83,98,-16,8,
20,50,-15,-8,-84,94,-10,8,
20,55,-15,-8,-85,89,-4,8,
20,60,-15,-8,-85,83,1,8,
25,-60,-15,-10,9,82,-91,10,
25,-55,-15,-10,4,87,-92,10,
25,-50,-15,-10,-1,92,-92,10,
25,-45,-15,-10,-6,97,-92,10,
25,-40,-15,-10,-11,101,-91,10,
25,-35,-15,-10,-16,105,-90,10,
25,-30,-15,-10,-21,108,-88,10,
25,-25,-15,-10,-26,111,-86,10,
25,-20,-15,-10,-31,113,-83,10,
25,-15,-15,-10,-36,115,-79,10,
25,-10,-15,-10,-42,116,-75,10,
25,-5,-15,-10,-47,117,-71,10,
25,0,-15,-10,-52,118,-66,10,
25,5,-15,-10,-57,117,-61,10,
25,10,-15,-10,-62,117,-56,10,
25,15,-15,-10,-66,115,-50,10,
25,20,-15,-10,-70,114,-45,10,
25,25,-15,-10,-73,111,-39,10,
25,30,-15,-10,-76,109,-33,10,
25,35,-15,-10,-79,105,-27,10,
25,40,-15,-10,-81,102,-22,10,
25,45,-15,-10,-82,97,-15,10,
25,50,-15,-10,-83,93,-10,10,
25,55,-15,-10,-84,88,-4,10,
25,60,-15,-10,-84,82,1,10,
30,-60,-15,-12,9,81,-90,12,
30,-55,-15,-12,4,86,-91,12,
30,-50,-15,-12,-1,91,-91,12,
30,-45,-15,-12,-6,96,-91,12,
30,-40,-15,-12,-11,100,-90,12,
30,-35,-15,-12,-16,103,-89,12,
30,-30,-15,-12,-21,107,-87,12,
30,-25,-15,-12,-26,110,-84,12,
30,-20,-15,-12,-31,112,-82,12,
30,-15,-15,-12,-36,114,-78,12,
30,-10,-15,-12,-41,115,-74,12,
30,-5,-15,-12,-47,116,-70,12,
30,0,-15,-12,-52,116,-66,12,
30,5,-15,-12,-56,116,-60,12,
30,10,-15,-12,-61,115,-55,12,
30,15,-15,-12,-65,114,-50,12,
30,20,-15,-12,-69,112,-44,12,
30,25,-15,-12,-72,110,-38,12,
30,30,-15,-12,-75,107,-33,12,
30,35,-15,-12,-78,104,-27,12,
30,40,-15,-12,-80,101,-21,12,
30,45,-15,-12,-81,96,-15,12,
30,50,-15,-12,-82,92,-10,12,
30,55,-15,-12,-83,87,-4,12,
30,60,-15,-12,-83,81,1,12,
35,-60,-15,-14,9,80,-89,14,
35,-55,-15,-14,4,85,-89,14,
35,-50,-15,-14,-1,90,-90,14,
35,-45,-15,-14,-6,94,-89,14,
35,-40,-15,-14,-11,98,-89,14,
35,-35,-15,-14,-16,102,-87,14,
35,-30,-15,-14,-21,105,-86,14,
35,-25,-15,-14,-26,108,-83,14,
35,-20,-15,-14,-31,110,-80,14,
35,-15,-15,-14,-36,112,-77,14,
35,-10,-15,-14,-41,114,-73,14,
35,-5,-15,-14,-46,114,-69,14,
35,0,-15,-14,-51,115,-65,14,
35,5,-15,-14,-56,115,-60,14,
35,10,-15,-14,-60,114,-54,14,
35,15,-15,-14,-64,113,-49,14,
35,20,-15,-14,-68,111,-44,14,
35,25,-15,-14,-71,109,-38,14,
35,30,-15,-14,-74,106,-32,14,
35,35,-15,-14,-77,103,-27,14,
35,40,-15,-14,-79,99,-21,14,
35,45,-15,-14,-80,95,-15,14,
35,50,-15,-14,-81,91,-10,14,
35,55,-15,-14,-82,86,-4,14,
35,60,-15,-14,-82,80,2,14,
40,-60,-15,-16,9,78,-87,16,
40,-55,-15,-16,4,83,-88,16,
40,-50,-15,-16,-1,88,-88,16,
40,-45,-15,-16,-6,93,-88,16,
40,-40,-15,-16,-11,97,-87,16,
40,-35,-15,-16,-16,101,-86,16,
40,-30,-15,-16,-21,104,-84,16,
40,-25,-15,-16,-26,106,-82,16,
40,-20,-15,-16,-31,109,-79,16,
40,-15,-15,-16,-36,111,-76,16,
40,-10,-15,-16,-41,112,-72,16,
40,-5,-15,-16,-46,113,-68,16,
40,0,-15,-16,-50,113,-64,16,
40,5,-15,-16,-55,113,-59,16,
40,10,-15,-16,-59,112,-54,16,
40,15,-15,-16,-63,111,-48,16,
40,20,-15,-16,-67,109,-43,16,
40,25,-15,-16,-70,107,-37,16,
40,30,-15,-16,-73,105,-32,16,
40,35,-15,-16,-75,101,-26,16,
40,40,-15,-16,-77,98,-21,16,
40,45,-15,-16,-79,94,-15,16,
40,50,-15,-16,-80,89,-9,16,
40,55,-15,-16,-80,84,-4,16,
40,60,-15,-16,-80,79,2,16,
45,-60,-15,-18,9,77,-85,18,
45,-55,-15,-18,4,81,-86,18,
45,-50,-15,-18,-1,86,-86,18,
45,-45,-15,-18,-6,91,-86,18,
45,-40,-15,-18,-11,95,-85,18,
45,-35,-15,-18,-15,99,-84,18,
45,-30,-15,-18,-20,102,-82,18,
45,-25,-15,-18,-25,105,-80,18,
45,-20,-15,-18,-30,107,-78,18,
45,-15,-15,-18,-35,109,-74,18,
45,-10,-15,-18,-40,110,-71,18,
45,-5,-15,-18,-45,111,-67,18,
45,0,-15,-18,-50,111,-62,18,
45,5,-15,-18,-54,111,-58,18,
45,10,-15,-18,-58,110,-53,18,
45,15,-15,-18,-62,109,-48,18,
45,20,-15,-18,-66,108,-42,18,
45,25,-15,-18,-69,105,-37,18,
45,30,-15,-18,-72,103,-31,18,
45,35,-15,-18,-74,100,-26,18,
45,40,-15,-18,-76,96,-20,18,
45,45,-15,-18,-77,92,-14,18,
45,50,-15,-18,-78,87,-9,18,
45,55,-15,-18,-79,82,-3,18,
45,60,-15,-18,-79,77,2,18,
50,-60,-15,-20,9,75,-84,20,
50,-55,-15,-20,4,79,-84,20,
50,-50,-15,-20,-1,84,-85,20,
50,-45,-15,-20,-6,89,-84,20,
50,-40,-15,-20,-10,93,-84,20,
50,-35,-15,-20,-15,97,-82,20,
50,-30,-15,-20,-20,100,-81,20,
50,-25,-15,-20,-25,103,-79,20,
50,-20,-15,-20,-30,105,-76,20,
50,-15,-15,-20,-35,107,-73,20,
50,-10,-15,-20,-40,108,-69,20,
50,-5,-15,-20,-44,109,-65,20,
50,0,-15,-20,-49,109,-61,20,
50,5,-15,-20,-53,109,-56,20,
50,10,-15,-20,-57,108,-52,20,
50,15,-15,-20,-61,107,-47,20,
50,20,-15,-20,-65,105,-41,20,
50,25,-15,-20,-68,103,-36,20,
50,30,-15,-20,-70,101,-31,20,
50,35,-15,-20,-73,98,-25,20,
50,40,-15,-20,-75,94,-20,20,
50,45,-15,-20,-76,90,-14,20,
50,50,-15,-20,-77,85,-9,20,
50,55,-15,-20,-77,80,-3,20,
50,60,-15,-20,-77,75,3,20,
-50,-60,-10,19,10,68,-78,-20,
-50,-55,-10,19,5,73,-79,-20,
-50,-50,-10,19,0,78,-79,-20,
-50,-45,-10,19,-5,83,-79,-20,
-50,-40,-10,19,-10,87,-78,-20,
-50,-35,-10,19,-14,91,-77,-20,
-50,-30,-10,19,-19,94,-76,-20,
-50,-25,-10,19,-24,97,-74,-20,
-50,-20,-10,19,-29,99,-71,-20,
-50,-15,-10,19,-33,101,-68,-20,
-50,-10,-10,20,-38,102,-65,-20,
-50,-5,-10,20,-42,103,-61,-20,
-50,0,-10,20,-46,103,-57,-20,
-50,5,-10,20,-50,103,-53,-20,
-50,10,-10,20,-54,102,-49,-20,
-50,15,-10,20,-58,101,-44,-20,
-50,20,-10,20,-61,99,-39,-20,
-50,25,-10,20,-64,97,-34,-20,
-50,30,-10,20,-66,95,-29,-20,
-50,35,-10,20,-68,92,-24,-20,
-50,40,-10,20,-70,88,-18,-20,
-50,45,-10,20,-71,84,-13,-20,
-50,50,-10,20,-72,79,-7,-20,
-50,55,-10,20,-73,74,-2,-20,
-50,60,-10,20,-73,68,4,-20,
-45,-60,-10,18,9,71,-80,-18,
-45,-55,-10,18,5,76,-81,-18,
-45,-50,-10,18,0,81,-81,-18,
-45,-45,-10,18,-5,85,-81,-18,
-45,-40,-10,18,-10,89,-80,-18,
-45,-35,-10,18,-15,93,-79,-18,
-45,-30,-10,18,-20,96,-77,-18,
-45,-25,-10,18,-24,99,-75,-18,
-45,-20,-10,18,-29,101,-73,-18,
-45,-15,-10,18,-34,103,-70,-18,
-45,-10,-10,18,-38,104,-66,-18,
-45,-5,-10,18,-43,105,-63,-18,
-45,0,-10,18,-47,105,-59,-18,
-45,5,-10,18,-51,105,-54,-18,
-45,10,-10,18,-55,104,-50,-18,
-45,15,-10,18,-59,103,-45,-18,
-45,20,-10,18,-62,101,-40,-18,
-45,25,-10,18,-65,99,-35,-18,
-45,30,-10,18,-68,97,-29,-18,
-45,35,-10,18,-70,94,-24,-18,
-45,40,-10,18,-72,90,-19,-18,
-45,45,-10,18,-73,86,-13,-18,
-45,50,-10,18,-74,81,-8,-18,
-45,55,-10,18,-74,76,-2,-18,
-45,60,-10,18,-74,71,4,-18,
-40,-60,-10,16,9,73,-82,-16,
-40,-55,-10,16,4,77,-82,-16,
-40,-50,-10,16,-1,82,-83,-16,
-40,-45,-10,16,-5,87,-82,-16,
-40,-40,-10,16,-10,91,-82,-16,
-40,-35,-10,16,-15,95,-81,-16,
-40,-30,-10,16,-20,98,-79,-16,
-40,-25,-10,16,-25,101,-77,-16,
-40,-20,-10,16,-29,103,-74,-16,
-40,-15,-10,16,-34,105,-71,-16,
-40,-10,-10,16,-39,106,-68,-16,
-40,-5,-10,16,-44,107,-64,-16,
-40,0,-10,16,-48,107,-60,-16,
-40,5,-10,16,-52,107,-55,-16,
-40,10,-10,16,-56,106,-51,-16,
-40,15,-10,16,-60,105,-46,-16,
-40,20,-10,16,-63,103,-41,-16,
-40,25,-10,16,-66,101,-35,-16,
-40,30,-10,16,-69,99,-30,-16,
-40,35,-10,16,-71,96,-25,-16,
-40,40,-10,16,-73,92,-19,-16,
-40,45,-10,16,-74,88,-14,-16,
-40,50,-10,16,-75,83,-8,-16,
-40,55,-10,16,-76,78,-3,-16,
-40,60,-10,16,-76,73,3,-16,
-35,-60,-10,14,9,74,-83,-14,
-35,-55,-10,14,4,79,-84,-14,
-35,-50,-10,14,-1,84,-84,-14,
-35,-45,-10,14,-6,89,-84,-14,
-35,-40,-10,14,-10,93,-83,-14,
-35,-35,-10,14,-15,96,-82,-14,
-35,-30,-10,14,-20,99,-80,-14,
-35,-25,-10,14,-25,102,-78,-14,
-35,-20,-10,14,-30,104,-75,-14,
-35,-15,-10,14,-35,106,-72,-14,
-35,-10,-10,14,-39,108,-69,-14,
-35,-5,-10,14,-44,108,-65,-14,
-35,0,-10,14,-49,109,-61,-14,
-35,5,-10,14,-53,109,-56,-14,
-35,10,-10,14,-57,108,-51,-14,
-35,15,-10,14,-61,107,-46,-14,
-35,20,-10,14,-64,105,-41,-14,
-35,25,-10,14,-67,103,-36,-14,
-35,30,-10,14,-70,100,-31,-14,
-35,35,-10,14,-72,97,-25,-14,
-35,40,-10,14,-74,94,-20,-14,
-35,45,-10,14,-76,89,-14,-14,
-35,50,-10,14,-76,85,-8,-14,
-35,55,-10,14,-77,80,-3,-14,
-35,60,-10,14,-77,74,3,-14,
-30,-60,-10,12,9,76,-84,-12,
-30,-55,-10,12,4,80,-85,-12,
-30,-50,-10,12,-1,85,-85,-12,
-30,-45,-10,12,-6,90,-85,-12,
-30,-40,-10,12,-10,94,-84,-12,
-30,-35,-10,12,-15,98,-83,-12,
-30,-30,-10,12,-20,101,-81,-12,
-30,-25,-10,12,-25,104,-79,-12,
-30,-20,-10,12,-30,106,-77,-12,
-30,-15,-10,12,-35,108,-73,-12,
-30,-10,-10,12,-40,109,-70,-12,
-30,-5,-10,12,-45,110,-66,-12,
-30,0,-10,12,-49,110,-62,-12,
-30,5,-10,12,-54,110,-57,-12,
-30,10,-10,12,-58,109,-52,-12,
-30,15,-10,12,-62,108,-47,-12,
-30,20,-10,12,-65,106,-42,-12,
-30,25,-10,12,-68,104,-36,-12,
-30,30,-10,12,-71,102,-31,-12,
-30,35,-10,12,-73,99,-26,-12,
-30,40,-10,12,-75,95,-20,-12,
-30,45,-10,12,-77,91,-14,-12,
-30,50,-10,12,-78,86,-9,-12,
-30,55,-10,12,-78,81,-3,-12,
-30,60,-10,12,-78,76,2,-12,
-25,-60,-10,10,9,77,-85,-10,
-25,-55,-10,10,4,81,-86,-10,
-25,-50,-10,10,-1,86,-86,-10,
-25,-45,-10,10,-6,91,-86,-10,
-25,-40,-10,10,-11,95,-85,-10,
-25,-35,-10,10,-15,99,-84,-10,
-25,-30,-10,10,-20,102,-83,-10,
-25,-25,-10,10,-25,105,-80,-10,
-25,-20,-10,10,-30,107,-78,-10,
-25,-15,-10,10,-35,109,-74,-10,
-25,-10,-10,10,-40,110,-71,-10,
-25,-5,-10,10,-45,111,-67,-10,
-25,0,-10,10,-50,111,-62,-10,
-25,5,-10,10,-54,111,-58,-10,
-25,10,-10,10,-58,110,-53,-10,
-25,15,-10,10,-62,109,-48,-10,
-25,20,-10,10,-66,108,-42,-10,
-25,25,-10,10,-69,105,-37,-10,
-25,30,-10,10,-72,103,-31,-10,
-25,35,-10,10,-74,100,-26,-10,
-25,40,-10,10,-76,96,-20,-10,
-25,45,-10,10,-77,92,-14,-10,
-25,50,-10,10,-78,87,-9,-10,
-25,55,-10,10,-79,82,-3,-10,
-25,60,-10,10,-79,77,2,-10,
-20,-60,-10,8,9,78,-86,-8,
-20,-55,-10,8,4,82,-87,-8,
-20,-50,-10,8,-1,87,-87,-8,
-20,-45,-10,8,-6,92,-87,-8,
-20,-40,-10,8,-11,96,-86,-8,
-20,-35,-10,8,-16,100,-85,-8,
-20,-30,-10,8,-20,103,-83,-8,
-20,-25,-10,8,-25,106,-81,-8,
-20,-20,-10,8,-30,108,-78,-8,
-20,-15,-10,8,-35,110,-75,-8,
-20,-10,-10,8,-40,111,-72,-8,
-20,-5,-10,8,-45,112,-68,-8,
-20,0,-10,8,-50,112,-63,-8,
-20,5,-10,8,-55,112,-58,-8,
-20,10,-10,8,-59,111,-53,-8,
-20,15,-10,8,-63,110,-48,-8,
-20,20,-10,8,-67,109,-43,-8,
-20,25,-10,8,-70,106,-37,-8,
-20,30,-10,8,-73,104,-32,-8,
-20,35,-10,8,-75,101,-26,-8,
-20,40,-10,8,-77,97,-20,-8,
-20,45,-10,8,-78,93,-15,-8,
-20,50,-10,8,-79,88,-9,-8,
-20,55,-10,8,-80,83,-4,-8,
-20,60,-10,8,-80,78,2,-8,
-15,-60,-10,6,9,78,-87,-6,
-15,-55,-10,6,4,83,-88,-6,
-15,-50,-10,6,-1,88,-88,-6,
-15,-45,-10,6,-6,93,-88,-6,
-15,-40,-10,6,-11,97,-87,-6,
-15,-35,-10,6,-16,101,-86,-6,
-15,-30,-10,6,-21,104,-84,-6,
-15,-25,-10,6,-26,107,-82,-6,
-15,-20,-10,6,-31,109,-79,-6,
-15,-15,-10,6,-36,111,-76,-6,
-15,-10,-10,6,-41,112,-72,-6,
-15,-5,-10,6,-46,113,-68,-6,
-15,0,-10,6,-50,113,-64,-6,
-15,5,-10,6,-55,113,-59,-6,
-15,10,-10,6,-59,112,-54,-6,
-15,15,-10,6,-63,111,-48,-6,
-15,20,-10,6,-67,109,-43,-6,
-15,25,-10,6,-70,107,-37,-6,
-15,30,-10,6,-73,104,-32,-6,
-15,35,-10,6,-75,101,-26,-6,
-15,40,-10,6,-77,98,-21,-6,
-15,45,-10,6,-79,93,-15,-6,
-15,50,-10,6,-80,89,-9,-6,
-15,55,-10,6,-80,84,-4,-6,
-15,60,-10,6,-80,78,2,-6,
-10,-60,-10,4,9,79,-88,-4,
-10,-55,-10,4,4,84,-88,-4,
-10,-50,-10,4,-1,89,-89,-4,
-10,-45,-10,4,-6,93,-88,-4,
-10,-40,-10,4,-11,97,-87,-4,
-10,-35,-10,4,-16,101,-86,-4,
-10,-30,-10,4,-21,104,-85,-4,
-10,-25,-10,4,-26,107,-82,-4,
-10,-20,-10,4,-31,109,-79,-4,
-10,-15,-10,4,-36,111,-76,-4,
-10,-10,-10,4,-41,113,-73,-4,
-10,-5,-10,4,-46,113,-68,-4,
-10,0,-10,4,-51,114,-64,-4,
-10,5,-10,4,-55,113,-59,-4,
-10,10,-10,4,-60,113,-54,-4,
-10,15,-10,4,-64,112,-49,-4,
-10,20,-10,4,-67,110,-43,-4,
-10,25,-10,4,-71,108,-38,-4,
-10,30,-10,4,-73,105,-32,-4,
-10,35,-10,4,-76,102,-26,-4,
-10,40,-10,4,-78,98,-21,-4,
-10,45,-10,4,-79,94,-15,-4,
-10,50,-10,4,-80,89,-9,-4,
-10,55,-10,4,-81,85,-4,-4,
-10,60,-10,4,-81,79,2,-4,
-5,-60,-10,2,9,79,-88,-2,
-5,-55,-10,2,4,84,-89,-2,
-5,-50,-10,2,-1,89,-89,-2,
-5,-45,-10,2,-6,94,-89,-2,
-5,-40,-10,2,-11,98,-88,-2,
-5,-35,-10,2,-16,101,-87,-2,
-5,-30,-10,2,-21,105,-85,-2,
-5,-25,-10,2,-26,107,-83,-2,
-5,-20,-10,2,-31,110,-80,-2,
-5,-15,-10,2,-36,111,-76,-2,
-5,-10,-10,2,-41,113,-73,-2,
-5,-5,-10,2,-46,114,-69,-2,
-5,0,-10,2,-51,114,-64,-2,
-5,5,-10,2,-55,114,-59,-2,
-5,10,-10,2,-60,113,-54,-2,
-5,15,-10,2,-64,112,-49,-2,
-5,20,-10,2,-68,110,-43,-2,
-5,25,-10,2,-71,108,-38,-2,
-5,30,-10,2,-74,105,-32,-2,
-5,35,-10,2,-76,102,-27,-2,
-5,40,-10,2,-78,99,-21,-2,
-5,45,-10,2,-79,94,-15,-2,
-5,50,-10,2,-80,90,-9,-2,
-5,55,-10,2,-81,85,-4,-2,
-5,60,-10,2,-81,79,2,-2,
0,-60,-10,0,9,79,-88,0,
0,-55,-10,0,4,84,-89,0,
0,-50,-10,0,-1,89,-89,0,
0,-45,-10,0,-6,94,-89,0,
0,-40,-10,0,-11,98,-88,0,
0,-35,-10,0,-16,101,-87,0,
0,-30,-10,0,-21,105,-85,0,
0,-25,-10,0,-26,107,-83,0,
0,-20,-10,0,-31,110,-80,0,
0,-15,-10,0,-36,112,-77,0,
0,-10,-10,0,-41,113,-73,0,
0,-5,-10,0,-46,114,-69,0,
0,0,-10,0,-51,114,-64,0,
0,5,-10,0,-55,114,-59,0,
0,10,-10,0,-60,113,-54,0,
0,15,-10,0,-64,112,-49,0,
0,20,-10,0,-68,110,-43,0,
0,25,-10,0,-71,108,-38,0,
0,30,-10,0,-74,105,-32,0,
0,35,-10,0,-76,102,-27,0,
0,40,-10,0,-78,98,-20,0,
0,45,-10,0,-80,94,-15,0,
0,50,-10,0,-81,90,-9,0,
0,55,-10,0,-81,85,-4,0,
0,60,-10,0,-81,79,2,0,
5,-60,-10,-2,9,79,-88,2,
5,-55,-10,-2,4,84,-89,2,
5,-50,-10,-2,-1,89,-89,2,
5,-45,-10,-2,-6,94,-89,2,
5,-40,-10,-2,-11,98,-88,2,
5,-35,-10,-2,-16,101,-87,2,
5,-30,-10,-2,-21,105,-85,2,
5,-25,-10,-2,-26,107,-83,2,
5,-20,-10,-2,-31,110,-80,2,
5,-15,-10,-2,-36,111,-77,2,
5,-10,-10,-2,-41,113,-73,2,
5,-5,-10,-2,-46,114,-69,2,
5,0,-10,-2,-51,114,-64,2,
5,5,-10,-2,-55,114,-59,2,
5,10,-10,-2,-60,113,-54,2,
5,15,-10,-2,-64,112,-49,2,
5,20,-10,-2,-68,110,-43,2,
5,25,-10,-2,-71,108,-38,2,
5,30,-10,-2,-74,105,-32,2,
5,35,-10,-2,-76,102,-27,2,
5,40,-10,-2,-78,99,-21,2,
5,45,-10,-2,-79,94,-15,2,
5,50,-10,-2,-80,90,-9,2,
5,55,-10,-2,-81,85,-4,2,
5,60,-10,-2,-81,79,2,2,
10,-60,-10,-4,9,79,-88,4,
10,-55,-10,-4,4,84,-88,4,
10,-50,-10,-4,-1,89,-89,4,
10,-45,-10,-4,-6,93,-88,4,
10,-40,-10,-4,-11,97,-87,4,
10,-35,-10,-4,-16,101,-86,4,
10,-30,-10,-4,-21,104,-84,4,
10,-25,-10,-4,-26,107,-82,4,
10,-20,-10,-4,-31,109,-79,4,
10,-15,-10,-4,-36,111,-76,4,
10,-10,-10,-4,-41,113,-72,4,
10,-5,-10,-4,-46,113,-68,4,
10,0,-10,-4,-51,114,-64,4,
10,5,-10,-4,-55,113,-59,4,
10,10,-10,-4,-60,113,-54,4,
10,15,-10,-4,-64,112,-49,4,
10,20,-10,-4,-67,110,-43,4,
10,25,-10,-4,-71,108,-38,4,
10,30,-10,-4,-73,105,-32,4,
10,35,-10,-4,-76,102,-26,4,
10,40,-10,-4,-78,98,-20,4,
10,45,-10,-4,-79,94,-15,4,
10,50,-10,-4,-80,89,-9,4,
10,55,-10,-4,-81,85,-4,4,
10,60,-10,-4,-81,79,2,4,
15,-60,-10,-6,9,78,-87,6,
15,-55,-10,-6,4,83,-88,6,
15,-50,-10,-6,-1,88,-88,6,
15,-45,-10,-6,-6,93,-88,6,
15,-40,-10,-6,-11,97,-87,6,
15,-35,-10,-6,-16,100,-86,6,
15,-30,-10,-6,-21,104,-84,6,
15,-25,-10,-6,-26,107,-82,6,
15,-20,-10,-6,-31,109,-79,6,
15,-15,-10,-6,-36,111,-76,6,
15,-10,-10,-6,-41,112,-72,6,
15,-5,-10,-6,-46,113,-68,6,
15,0,-10,-6,-50,113,-64,6,
15,5,-10,-6,-55,113,-59,6,
15,10,-10,-6,-59,112,-54,6,
15,15,-10,-6,-63,111,-48,6,
15,20,-10,-6,-67,109,-43,6,
15,25,-10,-6,-70,107,-37,6,
15,30,-10,-6,-73,104,-32,6,
15,35,-10,-6,-75,101,-26,6,
15,40,-10,-6,-77,98,-21,6,
15,45,-10,-6,-79,93,-15,6,
15,50,-10,-6,-80,89,-9,6,
15,55,-10,-6,-80,84,-4,6,
15,60,-10,-6,-80,78,2,6,
20,-60,-10,-8,9,78,-86,8,
20,-55,-10,-8,4,82,-87,8,
20,-50,-10,-8,-1,87,-87,8,
20,-45,-10,-8,-6,92,-87,8,
20,-40,-10,-8,-11,96,-86,8,
20,-35,-10,-8,-16,100,-85,8,
20,-30,-10,-8,-20,103,-83,8,
20,-25,-10,-8,-25,106,-81,8,
20,-20,-10,-8,-30,108,-78,8,
20,-15,-10,-8,-35,110,-75,8,
20,-10,-10,-8,-40,111,-72,8,
20,-5,-10,-8,-45,112,-68,8,
20,0,-10,-8,-50,112,-63,8,
20,5,-10,-8,-55,112,-58,8,
20,10,-10,-8,-59,111,-53,8,
20,15,-10,-8,-63,110,-48,8,
20,20,-10,-8,-67,109,-43,8,
20,25,-10,-8,-70,106,-37,8,
20,30,-10,-8,-73,104,-32,8,
20,35,-10,-8,-75,101,-26,8,
20,40,-10,-8,-77,97,-21,8,
20,45,-10,-8,-78,93,-15,8,
20,50,-10,-8,-79,88,-9,8,
20,55,-10,-8,-80,83,-4,8,
20,60,-10,-8,-80,78,2,8,
25,-60,-10,-10,9,77,-86,10,
25,-55,-10,-10,4,81,-86,10,
25,-50,-10,-10,-1,86,-86,10,
25,-45,-10,-10,-6,91,-86,10,
25,-40,-10,-10,-11,95,-85,10,
25,-35,-10,-10,-15,99,-84,10,
25,-30,-10,-10,-20,102,-82,10,
25,-25,-10,-10,-25,105,-80,10,
25,-20,-10,-10,-30,107,-78,10,
25,-15,-10,-10,-35,109,-74,10,
25,-10,-10,-10,-40,110,-71,10,
25,-5,-10,-10,-45,111,-67,10,
25,0,-10,-10,-50,111,-62,10,
25,5,-10,-10,-54,111,-58,10,
25,10,-10,-10,-58,110,-53,10,
25,15,-10,-10,-62,109,-48,10,
25,20,-10,-10,-66,108,-42,10,
25,25,-10,-10,-69,105,-37,10,
25,30,-10,-10,-72,103,-31,10,
25,35,-10,-10,-74,100,-26,10,
25,40,-10,-10,-76,96,-20,10,
25,45,-10,-10,-77,92,-14,10,
25,50,-10,-10,-78,87,-9,10,
25,55,-10,-10,-79,82,-3,10,
25,60,-10,-10,-79,77,2,10,
30,-60,-10,-12,9,76,-84,12,
30,-55,-10,-12,4,80,-85,12,
30,-50,-10,-12,-1,85,-85,12,
30,-45,-10,-12,-6,90,-85,12,
30,-40,-10,-12,-10,94,-84,12,
30,-35,-10,-12,-15,98,-83,12,
30,-30,-10,-12,-20,101,-81,12,
30,-25,-10,-12,-25,104,-79,12,
30,-20,-10,-12,-30,106,-77,12,
30,-15,-10,-12,-35,108,-74,12,
30,-10,-10,-12,-40,109,-70,12,
30,-5,-10,-12,-45,110,-66,12,
30,0,-10,-12,-49,110,-62,12,
30,5,-10,-12,-54,110,-57,12,
30,10,-10,-12,-58,109,-52,12,
30,15,-10,-12,-62,108,-47,12,
30,20,-10,-12,-65,106,-42,12,
30,25,-10,-12,-68,104,-36,12,
30,30,-10,-12,-71,102,-31,12,
30,35,-10,-12,-73,99,-26,12,
30,40,-10,-12,-75,95,-20,12,
30,45,-10,-12,-77,91,-14,12,
30,50,-10,-12,-78,86,-9,12,
30,55,-10,-12,-78,81,-3,12,
30,60,-10,-12,-78,76,2,12,
35,-60,-10,-14,9,74,-83,14,
35,-55,-10,-14,4,79,-84,14,
35,-50,-10,-14,-1,84,-84,14,
35,-45,-10,-14,-6,89,-84,14,
35,-40,-10,-14,-10,93,-83,14,
35,-35,-10,-14,-15,96,-82,14,
35,-30,-10,-14,-20,99,-80,14,
35,-25,-10,-14,-25,102,-78,14,
35,-20,-10,-14,-30,104,-75,14,
35,-15,-10,-14,-35,106,-72,14,
35,-10,-10,-14,-39,108,-69,14,
35,-5,-10,-14,-44,108,-65,14,
35,0,-10,-14,-49,109,-61,14,
35,5,-10,-14,-53,109,-56,14,
35,10,-10,-14,-57,108,-51,14,
35,15,-10,-14,-61,107,-46,14,
35,20,-10,-14,-64,105,-41,14,
35,25,-10,-14,-67,103,-36,14,
35,30,-10,-14,-70,100,-31,14,
35,35,-10,-14,-72,97,-25,14,
35,40,-10,-14,-74,94,-20,14,
35,45,-10,-14,-76,89,-14,14,
35,50,-10,-14,-76,85,-8,14,
35,55,-10,-14,-77,80,-3,14,
35,60,-10,-14,-77,74,3,14,
40,-60,-10,-16,9,73,-82,16,
40,-55,-10,-16,4,77,-82,16,
40,-50,-10,-16,-1,82,-83,16,
40,-45,-10,-16,-5,87,-82,16,
40,-40,-10,-16,-10,91,-82,16,
40,-35,-10,-16,-15,95,-81,16,
40,-30,-10,-16,-20,98,-79,16,
40,-25,-10,-16,-25,101,-77,16,
40,-20,-10,-16,-29,103,-74,16,
40,-15,-10,-16,-34,105,-71,16,
40,-10,-10,-16,-39,106,-68,16,
40,-5,-10,-16,-44,107,-64,16,
40,0,-10,-16,-48,107,-60,16,
40,5,-10,-16,-52,107,-55,16,
40,10,-10,-16,-56,106,-51,16,
40,15,-10,-16,-60,105,-46,16,
40,20,-10,-16,-63,103,-41,16,
40,25,-10,-16,-66,101,-35,16,
40,30,-10,-16,-69,99,-30,16,
40,35,-10,-16,-71,96,-25,16,
40,40,-10,-16,-73,92,-19,16,
40,45,-10,-16,-74,88,-14,16,
40,50,-10,-16,-75,83,-8,16,
40,55,-10,-16,-76,78,-3,16,
40,60,-10,-16,-76,72,3,16,
45,-60,-10,-18,9,71,-80,18,
45,-55,-10,-18,5,75,-81,18,
45,-50,-10,-18,0,81,-81,18,
45,-45,-10,-18,-5,85,-81,18,
45,-40,-10,-18,-10,89,-80,18,
45,-35,-10,-18,-15,93,-79,18,
45,-30,-10,-18,-20,96,-77,18,
45,-25,-10,-18,-24,99,-75,18,
45,-20,-10,-18,-29,101,-73,18,
45,-15,-10,-18,-34,103,-70,18,
45,-10,-10,-18,-38,104,-66,18,
45,-5,-10,-18,-43,105,-63,18,
45,0,-10,-18,-47,105,-59,18,
45,5,-10,-18,-51,105,-54,18,
45,10,-10,-18,-55,104,-50,18,
45,15,-10,-18,-59,103,-45,18,
45,20,-10,-18,-62,101,-40,18,
45,25,-10,-18,-65,99,-35,18,
45,30,-10,-18,-68,97,-29,18,
45,35,-10,-18,-70,94,-24,18,
45,40,-10,-18,-72,90,-18,18,
45,45,-10,-18,-73,86,-13,18,
45,50,-10,-18,-74,81,-8,18,
45,55,-10,-18,-74,76,-2,18,
45,60,-10,-18,-74,71,3,18,
50,-60,-10,-19,10,68,-78,20,
50,-55,-10,-19,5,73,-79,20,
50,-50,-10,-19,0,78,-79,20,
50,-45,-10,-19,-5,83,-79,20,
50,-40,-10,-19,-10,87,-78,20,
50,-35,-10,-19,-14,91,-77,20,
50,-30,-10,-19,-19,94,-76,20,
50,-25,-10,-19,-24,97,-74,20,
50,-20,-10,-19,-29,99,-71,20,
50,-15,-10,-19,-33,101,-68,20,
50,-10,-10,-19,-38,102,-65,20,
50,-5,-10,-20,-42,103,-61,20,
50,0,-10,-20,-46,103,-57,20,
50,5,-10,-20,-50,103,-53,20,
50,10,-10,-20,-54,102,-49,20,
50,15,-10,-20,-58,101,-44,20,
50,20,-10,-20,-61,99,-39,20,
50,25,-10,-20,-64,97,-34,20,
50,30,-10,-20,-66,95,-29,20,
50,35,-10,-20,-68,92,-24,20,
50,40,-10,-20,-70,88,-18,20,
50,45,-10,-20,-71,84,-13,20,
50,50,-10,-20,-72,79,-7,20,
50,55,-10,-20,-73,74,-2,20,
50,60,-10,-20,-73,68,4,20,
-50,-60,-5,19,11,61,-72,-19,
-50,-55,-5,19,6,66,-73,-19,
-50,-50,-5,19,1,72,-74,-19,
-50,-45,-5,19,-4,77,-74,-19,
-50,-40,-5,19,-9,81,-73,-19,
-50,-35,-5,19,-13,84,-72,-19,
-50,-30,-5,19,-18,88,-71,-19,
-50,-25,-5,19,-22,90,-69,-19,
-50,-20,-5,19,-27,92,-66,-19,
-50,-15,-5,19,-31,94,-64,-19,
-50,-10,-5,19,-36,95,-61,-19,
-50,-5,-5,19,-40,96,-57,-19,
-50,0,-5,19,-44,97,-53,-19,
-50,5,-5,19,-48,96,-49,-19,
-50,10,-5,19,-51,96,-45,-19,
-50,15,-5,19,-54,95,-41,-19,
-50,20,-5,19,-57,93,-36,-19,
-50,25,-5,19,-60,91,-31,-19,
-50,30,-5,19,-62,88,-26,-19,
-50,35,-5,19,-64,85,-21,-19,
-50,40,-5,19,-66,82,-16,-19,
-50,45,-5,19,-67,77,-11,-19,
-50,50,-5,19,-68,73,-5,-19,
-50,55,-5,19,-68,67,0,-19,
-50,60,-5,19,-67,61,6,-19,
-45,-60,-5,17,11,64,-74,-17,
-45,-55,-5,17,6,69,-75,-17,
-45,-50,-5,17,1,74,-75,-17,
-45,-45,-5,17,-4,79,-75,-17,
-45,-40,-5,17,-9,83,-75,-17,
-45,-35,-5,17,-14,87,-74,-17,
-45,-30,-5,17,-18,90,-72,-17,
-45,-25,-5,17,-23,92,-70,-17,
-45,-20,-5,17,-27,95,-68,-17,
-45,-15,-5,17,-32,96,-65,-17,
-45,-10,-5,17,-36,98,-62,-17,
-45,-5,-5,17,-41,98,-59,-17,
-45,0,-5,17,-45,99,-55,-17,
-45,5,-5,17,-48,99,-51,-17,
-45,10,-5,17,-52,98,-46,-17,
-45,15,-5,17,-55,97,-42,-17,
-45,20,-5,17,-59,95,-37,-17,
-45,25,-5,17,-61,93,-32,-17,
-45,30,-5,17,-64,90,-27,-17,
-45,35,-5,17,-66,87,-22,-17,
-45,40,-5,17,-67,84,-17,-17,
-45,45,-5,17,-68,80,-11,-17,
-45,50,-5,17,-69,75,-6,-17,
-45,55,-5,17,-69,70,0,-17,
-45,60,-5,17,-69,64,5,-17,
-40,-60,-5,15,10,66,-76,-15,
-40,-55,-5,15,5,71,-77,-15,
-40,-50,-5,15,0,76,-77,-15,
-40,-45,-5,15,-5,81,-77,-15,
-40,-40,-5,15,-9,85,-76,-15,
-40,-35,-5,15,-14,88,-75,-15,
-40,-30,-5,15,-19,92,-74,-15,
-40,-25,-5,15,-23,94,-72,-15,
-40,-20,-5,15,-28,96,-69,-15,
-40,-15,-5,15,-32,98,-67,-15,
-40,-10,-5,15,-37,100,-63,-15,
-40,-5,-5,15,-41,100,-60,-15,
-40,0,-5,15,-45,101,-56,-15,
-40,5,-5,15,-49,100,-52,-15,
-40,10,-5,15,-53,100,-47,-15,
-40,15,-5,15,-57,99,-43,-15,
-40,20,-5,15,-60,97,-38,-15,
-40,25,-5,15,-62,95,-33,-15,
-40,30,-5,15,-65,92,-28,-15,
-40,35,-5,15,-67,89,-23,-15,
-40,40,-5,15,-68,86,-17,-15,
-40,45,-5,15,-70,81,-12,-15,
-40,50,-5,15,-70,77,-6,-15,
-40,55,-5,15,-71,72,-1,-15,
-40,60,-5,15,-71,66,5,-15,
-35,-60,-5,13,10,68,-77,-14,
-35,-55,-5,13,5,73,-78,-14,
-35,-50,-5,13,0,78,-79,-14,
-35,-45,-5,13,-5,82,-78,-14,
-35,-40,-5,13,-10,87,-78,-14,
-35,-35,-5,13,-14,90,-77,-14,
-35,-30,-5,13,-19,93,-75,-14,
-35,-25,-5,13,-24,96,-73,-14,
-35,-20,-5,13,-28,98,-71,-14,
-35,-15,-5,13,-33,100,-68,-14,
-35,-10,-5,13,-37,101,-64,-14,
-35,-5,-5,13,-42,102,-61,-14,
-35,0,-5,13,-46,102,-57,-14,
-35,5,-5,13,-50,102,-53,-13,
-35,10,-5,13,-54,101,-48,-13,
-35,15,-5,13,-57,100,-43,-13,
-35,20,-5,13,-61,99,-39,-13,
-35,25,-5,13,-63,97,-34,-13,
-35,30,-5,13,-66,94,-28,-13,
-35,35,-5,13,-68,91,-23,-13,
-35,40,-5,13,-70,87,-18,-13,
-35,45,-5,13,-71,83,-12,-13,
-35,50,-5,13,-72,79,-7,-13,
-35,55,-5,13,-72,73,-1,-13,
-35,60,-5,13,-72,68,4,-13,
-30,-60,-5,12,10,69,-79,-12,
-30,-55,-5,12,5,74,-80,-12,
-30,-50,-5,12,0,79,-80,-12,
-30,-45,-5,12,-5,84,-80,-12,
-30,-40,-5,12,-10,88,-79,-12,
-30,-35,-5,12,-15,92,-78,-12,
-30,-30,-5,12,-19,95,-76,-12,
-30,-25,-5,12,-24,97,-74,-12,
-30,-20,-5,12,-29,100,-72,-12,
-30,-15,-5,12,-33,101,-69,-12,
-30,-10,-5,12,-38,103,-65,-12,
-30,-5,-5,12,-42,103,-62,-12,
-30,0,-5,12,-47,104,-58,-12,
-30,5,-5,12,-51,104,-53,-12,
-30,10,-5,12,-55,103,-49,-12,
-30,15,-5,12,-58,102,-44,-12,
-30,20,-5,12,-61,100,-39,-12,
-30,25,-5,12,-64,98,-34,-12,
-30,30,-5,12,-67,95,-29,-12,
-30,35,-5,12,-69,92,-24,-12,
-30,40,-5,12,-71,89,-18,-12,
-30,45,-5,12,-72,85,-13,-12,
-30,50,-5,12,-73,80,-7,-12,
-30,55,-5,12,-73,75,-2,-12,
-30,60,-5,12,-73,69,4,-12,
-25,-60,-5,10,9,70,-80,-10,
-25,-55,-5,10,5,75,-81,-10,
-25,-50,-5,10,0,80,-81,-10,
-25,-45,-5,10,-5,85,-81,-10,
-25,-40,-5,10,-10,89,-80,-10,
-25,-35,-5,10,-15,93,-79,-10,
-25,-30,-5,10,-19,96,-77,-10,
-25,-25,-5,10,-24,99,-75,-10,
-25,-20,-5,10,-29,101,-73,-10,
-25,-15,-5,10,-34,103,-70,-10,
-25,-10,-5,10,-38,104,-66,-10,
-25,-5,-5,10,-43,105,-63,-10,
-25,0,-5,10,-47,105,-59,-10,
-25,5,-5,10,-51,105,-54,-10,
-25,10,-5,10,-55,104,-50,-10,
-25,15,-5,10,-59,103,-45,-10,
-25,20,-5,10,-62,101,-40,-10,
-25,25,-5,10,-65,99,-35,-10,
-25,30,-5,10,-68,97,-29,-10,
-25,35,-5,10,-70,94,-24,-10,
-25,40,-5,10,-72,90,-18,-10,
-25,45,-5,10,-73,86,-13,-10,
-25,50,-5,10,-74,81,-8,-10,
-25,55,-5,10,-74,76,-2,-10,
-25,60,-5,10,-74,70,3,-10,
-20,-60,-5,8,9,71,-81,-8,
-20,-55,-5,8,4,76,-81,-8,
-20,-50,-5,8,0,81,-82,-8,
-20,-45,-5,8,-5,86,-81,-8,
-20,-40,-5,8,-10,90,-81,-8,
-20,-35,-5,8,-15,94,-80,-8,
-20,-30,-5,8,-20,97,-78,-8,
-20,-25,-5,8,-24,100,-76,-8,
-20,-20,-5,8,-29,102,-73,-8,
-20,-15,-5,8,-34,104,-70,-8,
-20,-10,-5,8,-39,105,-67,-8,
-20,-5,-5,8,-43,106,-63,-8,
-20,0,-5,8,-48,106,-59,-8,
-20,5,-5,8,-52,106,-55,-8,
-20,10,-5,8,-56,105,-50,-8,
-20,15,-5,8,-59,104,-45,-8,
-20,20,-5,8,-63,102,-40,-8,
-20,25,-5,8,-66,100,-35,-8,
-20,30,-5,8,-68,98,-30,-8,
-20,35,-5,8,-71,95,-24,-8,
-20,40,-5,8,-72,91,-19,-8,
-20,45,-5,8,-74,87,-13,-8,
-20,50,-5,8,-74,82,-8,-8,
-20,55,-5,8,-75,77,-2,-8,
-20,60,-5,8,-75,71,3,-8,
-15,-60,-5,6,9,72,-81,-6,
-15,-55,-5,6,4,77,-82,-6,
-15,-50,-5,6,-1,82,-82,-6,
-15,-45,-5,6,-5,87,-82,-6,
-15,-40,-5,6,-10,91,-81,-6,
-15,-35,-5,6,-15,94,-80,-6,
-15,-30,-5,6,-20,98,-79,-6,
-15,-25,-5,6,-25,100,-77,-6,
-15,-20,-5,6,-29,103,-74,-6,
-15,-15,-5,6,-34,104,-71,-6,
-15,-10,-5,6,-39,106,-68,-6,
-15,-5,-5,6,-43,106,-64,-6,
-15,0,-5,6,-48,107,-60,-6,
-15,5,-5,6,-52,107,-55,-6,
-15,10,-5,6,-56,106,-50,-6,
-15,15,-5,6,-60,105,-45,-6,
-15,20,-5,6,-63,103,-40,-6,
-15,25,-5,6,-66,101,-35,-6,
-15,30,-5,6,-69,98,-30,-6,
-15,35,-5,6,-71,95,-25,-6,
-15,40,-5,6,-73,92,-19,-6,
-15,45,-5,6,-74,87,-13,-6,
-15,50,-5,6,-75,83,-8,-6,
-15,55,-5,6,-75,78,-3,-6,
-15,60,-5,6,-75,72,3,-6,
-10,-60,-5,4,9,73,-82,-4,
-10,-55,-5,4,4,78,-83,-4,
-10,-50,-5,4,-1,83,-83,-4,
-10,-45,-5,4,-5,87,-83,-4,
-10,-40,-5,4,-10,91,-82,-4,
-10,-35,-5,4,-15,95,-81,-4,
-10,-30,-5,4,-20,98,-79,-4,
-10,-25,-5,4,-25,101,-77,-4,
-10,-20,-5,4,-30,103,-74,-4,
-10,-15,-5,4,-34,105,-71,-4,
-10,-10,-5,4,-39,106,-68,-4,
-10,-5,-5,4,-44,107,-64,-4,
-10,0,-5,4,-48,107,-60,-4,
-10,5,-5,4,-52,107,-55,-4,
-10,10,-5,4,-56,106,-51,-4,
-10,15,-5,4,-60,105,-46,-4,
-10,20,-5,4,-64,104,-41,-4,
-10,25,-5,4,-67,102,-35,-4,
-10,30,-5,4,-69,99,-30,-4,
-10,35,-5,4,-71,96,-25,-4,
-10,40,-5,4,-73,92,-19,-4,
-10,45,-5,4,-74,88,-14,-4,
-10,50,-5,4,-75,84,-8,-4,
-10,55,-5,4,-76,78,-3,-4,
-10,60,-5,4,-76,73,3,-4,
-5,-60,-5,2,9,73,-82,-2,
-5,-55,-5,2,4,78,-83,-2,
-5,-50,-5,2,-1,83,-83,-2,
-5,-45,-5,2,-5,88,-83,-2,
-5,-40,-5,2,-10,92,-82,-2,
-5,-35,-5,2,-15,95,-81,-2,
-5,-30,-5,2,-20,98,-79,-2,
-5,-25,-5,2,-25,101,-77,-2,
-5,-20,-5,2,-30,103,-75,-2,
-5,-15,-5,2,-34,105,-72,-2,
-5,-10,-5,2,-39,107,-68,-2,
-5,-5,-5,2,-44,107,-64,-2,
-5,0,-5,2,-48,108,-60,-2,
-5,5,-5,2,-53,107,-56,-2,
-5,10,-5,2,-57,107,-51,-2,
-5,15,-5,2,-60,106,-46,-2,
-5,20,-5,2,-64,104,-41,-2,
-5,25,-5,2,-67,102,-36,-2,
-5,30,-5,2,-69,99,-30,-2,
-5,35,-5,2,-72,96,-25,-2,
-5,40,-5,2,-73,92,-19,-2,
-5,45,-5,2,-75,88,-14,-2,
-5,50,-5,2,-76,84,-8,-2,
-5,55,-5,2,-76,79,-3,-2,
-5,60,-5,2,-76,73,3,-2,
0,-60,-5,0,9,73,-82,0,
0,-55,-5,0,4,78,-83,0,
0,-50,-5,0,-1,83,-83,0,
0,-45,-5,0,-5,88,-83,0,
0,-40,-5,0,-10,92,-82,0,
0,-35,-5,0,-15,95,-81,0,
0,-30,-5,0,-20,99,-79,0,
0,-25,-5,0,-25,101,-77,0,
0,-20,-5,0,-30,104,-75,0,
0,-15,-5,0,-34,105,-72,0,
0,-10,-5,0,-39,107,-68,0,
0,-5,-5,0,-44,107,-64,0,
0,0,-5,0,-48,108,-60,0,
0,5,-5,0,-53,108,-56,0,
0,10,-5,0,-57,107,-51,0,
0,15,-5,0,-60,106,-46,0,
0,20,-5,0,-64,104,-41,0,
0,25,-5,0,-67,102,-36,0,
0,30,-5,0,-69,99,-30,0,
0,35,-5,0,-72,96,-25,0,
0,40,-5,0,-73,93,-19,0,
0,45,-5,0,-75,88,-14,0,
0,50,-5,0,-76,84,-8,0,
0,55,-5,0,-76,79,-3,0,
0,60,-5,0,-76,73,3,0,
5,-60,-5,-2,9,73,-82,2,
5,-55,-5,-2,4,78,-83,2,
5,-50,-5,-2,-1,83,-83,2,
5,-45,-5,-2,-5,88,-83,2,
5,-40,-5,-2,-10,92,-82,2,
5,-35,-5,-2,-15,95,-81,2,
5,-30,-5,-2,-20,98,-79,2,
5,-25,-5,-2,-25,101,-77,2,
5,-20,-5,-2,-30,103,-75,2,
5,-15,-5,-2,-34,105,-72,2,
5,-10,-5,-2,-39,107,-68,2,
5,-5,-5,-2,-44,107,-64,2,
5,0,-5,-2,-48,108,-60,2,
5,5,-5,-2,-53,107,-56,2,
5,10,-5,-2,-57,107,-51,2,
5,15,-5,-2,-60,106,-46,2,
5,20,-5,-2,-64,104,-41,2,
5,25,-5,-2,-67,102,-36,2,
5,30,-5,-2,-69,99,-30,2,
5,35,-5,-2,-72,96,-25,2,
5,40,-5,-2,-73,93,-20,2,
5,45,-5,-2,-75,88,-14,2,
5,50,-5,-2,-76,84,-8,2,
5,55,-5,-2,-76,79,-3,2,
5,60,-5,-2,-76,73,3,2,
10,-60,-5,-4,9,73,-82,4,
10,-55,-5,-4,4,78,-83,4,
10,-50,-5,-4,-1,83,-83,4,
10,-45,-5,-4,-5,87,-83,4,
10,-40,-5,-4,-10,91,-82,4,
10,-35,-5,-4,-15,95,-81,4,
10,-30,-5,-4,-20,98,-79,4,
10,-25,-5,-4,-25,101,-77,4,
10,-20,-5,-4,-30,103,-74,4,
10,-15,-5,-4,-34,105,-71,4,
10,-10,-5,-4,-39,106,-68,4,
10,-5,-5,-4,-44,107,-64,4,
10,0,-5,-4,-48,107,-60,4,
10,5,-5,-4,-52,107,-55,4,
10,10,-5,-4,-56,106,-51,4,
10,15,-5,-4,-60,105,-46,4,
10,20,-5,-4,-64,104,-41,4,
10,25,-5,-4,-67,101,-35,4,
10,30,-5,-4,-69,99,-30,4,
10,35,-5,-4,-71,96,-25,4,
10,40,-5,-4,-73,92,-19,4,
10,45,-5,-4,-74,88,-14,4,
10,50,-5,-4,-75,84,-8,4,
10,55,-5,-4,-76,78,-3,4,
10,60,-5,-4,-76,73,3,4,
15,-60,-5,-6,9,72,-81,6,
15,-55,-5,-6,4,77,-82,6,
15,-50,-5,-6,-1,82,-82,6,
15,-45,-5,-6,-5,87,-82,6,
15,-40,-5,-6,-10,91,-81,6,
15,-35,-5,-6,-15,94,-80,6,
15,-30,-5,-6,-20,98,-79,6,
15,-25,-5,-6,-25,100,-76,6,
15,-20,-5,-6,-29,103,-74,6,
15,-15,-5,-6,-34,104,-71,6,
15,-10,-5,-6,-39,106,-68,6,
15,-5,-5,-6,-43,106,-64,6,
15,0,-5,-6,-48,107,-60,6,
15,5,-5,-6,-52,107,-55,6,
15,10,-5,-6,-56,106,-50,6,
15,15,-5,-6,-60,105,-45,6,
15,20,-5,-6,-63,103,-40,6,
15,25,-5,-6,-66,101,-35,6,
15,30,-5,-6,-69,98,-30,6,
15,35,-5,-6,-71,95,-25,6,
15,40,-5,-6,-73,92,-19,6,
15,45,-5,-6,-74,88,-13,6,
15,50,-5,-6,-75,83,-8,6,
15,55,-5,-6,-75,78,-3,6,
15,60,-5,-6,-75,72,3,6,
20,-60,-5,-8,9,71,-81,8,
20,-55,-5,-8,4,76,-81,8,
20,-50,-5,-8,0,81,-82,8,
20,-45,-5,-8,-5,86,-81,8,
20,-40,-5,-8,-10,90,-81,8,
20,-35,-5,-8,-15,94,-80,8,
20,-30,-5,-8,-20,97,-78,8,
20,-25,-5,-8,-24,100,-76,8,
20,-20,-5,-8,-29,102,-73,8,
20,-15,-5,-8,-34,104,-70,8,
20,-10,-5,-8,-39,105,-67,8,
20,-5,-5,-8,-43,106,-63,8,
20,0,-5,-8,-48,106,-59,8,
20,5,-5,-8,-52,106,-55,8,
20,10,-5,-8,-56,105,-50,8,
20,15,-5,-8,-59,104,-45,8,
20,20,-5,-8,-63,102,-40,8,
20,25,-5,-8,-66,100,-35,8,
20,30,-5,-8,-68,98,-30,8,
20,35,-5,-8,-70,95,-24,8,
20,40,-5,-8,-72,91,-19,8,
20,45,-5,-8,-74,87,-13,8,
20,50,-5,-8,-74,82,-8,8,
20,55,-5,-8,-75,77,-2,8,
20,60,-5,-8,-75,71,3,8,
25,-60,-5,-10,10,70,-80,10,
25,-55,-5,-10,5,75,-81,10,
25,-50,-5,-10,0,80,-81,10,
25,-45,-5,-10,-5,85,-81,10,
25,-40,-5,-10,-10,89,-80,10,
25,-35,-5,-10,-15,93,-79,10,
25,-30,-5,-10,-19,96,-77,10,
25,-25,-5,-10,-24,99,-75,10,
25,-20,-5,-10,-29,101,-73,10,
25,-15,-5,-10,-34,103,-70,10,
25,-10,-5,-10,-38,104,-66,10,
25,-5,-5,-10,-43,105,-63,10,
25,0,-5,-10,-47,105,-58,10,
25,5,-5,-10,-51,105,-54,10,
25,10,-5,-10,-55,104,-50,10,
25,15,-5,-10,-59,103,-45,10,
25,20,-5,-10,-62,101,-40,10,
25,25,-5,-10,-65,99,-35,10,
25,30,-5,-10,-68,97,-29,10,
25,35,-5,-10,-70,94,-24,10,
25,40,-5,-10,-72,90,-19,10,
25,45,-5,-10,-73,86,-13,10,
25,50,-5,-10,-74,81,-8,10,
25,55,-5,-10,-74,76,-2,10,
25,60,-5,-10,-74,70,3,10,
30,-60,-5,-12,10,69,-79,12,
30,-55,-5,-12,5,74,-80,12,
30,-50,-5,-12,0,79,-80,12,
30,-45,-5,-12,-5,84,-80,12,
30,-40,-5,-12,-10,88,-79,12,
30,-35,-5,-12,-15,92,-78,12,
30,-30,-5,-12,-19,95,-76,12,
30,-25,-5,-12,-24,97,-74,12,
30,-20,-5,-12,-29,100,-72,12,
30,-15,-5,-12,-33,101,-69,12,
30,-10,-5,-12,-38,103,-65,12,
30,-5,-5,-12,-42,103,-62,12,
30,0,-5,-12,-47,104,-58,12,
30,5,-5,-12,-51,104,-53,12,
30,10,-5,-12,-55,103,-49,12,
30,15,-5,-12,-58,102,-44,12,
30,20,-5,-12,-61,100,-39,12,
30,25,-5,-12,-64,98,-34,12,
30,30,-5,-12,-67,95,-29,12,
30,35,-5,-12,-69,92,-24,12,
30,40,-5,-12,-71,89,-18,12,
30,45,-5,-12,-72,85,-13,12,
30,50,-5,-12,-73,80,-7,12,
30,55,-5,-12,-73,75,-2,12,
30,60,-5,-12,-73,69,4,12,
35,-60,-5,-13,10,68,-77,14,
35,-55,-5,-13,5,73,-78,14,
35,-50,-5,-13,0,78,-79,14,
35,-45,-5,-13,-5,82,-78,14,
35,-40,-5,-13,-10,86,-78,14,
35,-35,-5,-13,-14,90,-77,14,
35,-30,-5,-13,-19,93,-75,14,
35,-25,-5,-13,-24,96,-73,14,
35,-20,-5,-13,-28,98,-71,14,
35,-15,-5,-13,-33,100,-68,14,
35,-10,-5,-13,-37,101,-64,14,
35,-5,-5,-13,-42,102,-61,14,
35,0,-5,-13,-46,102,-57,14,
35,5,-5,-13,-50,102,-53,14,
35,10,-5,-13,-54,101,-48,14,
35,15,-5,-13,-57,100,-43,13,
35,20,-5,-13,-61,99,-39,13,
35,25,-5,-13,-63,97,-34,13,
35,30,-5,-13,-66,94,-29,13,
35,35,-5,-13,-68,91,-23,13,
35,40,-5,-13,-70,87,-18,13,
35,45,-5,-13,-71,83,-12,13,
35,50,-5,-13,-72,79,-7,13,
35,55,-5,-13,-72,73,-1,13,
35,60,-5,-13,-72,68,4,13,
40,-60,-5,-15,10,66,-76,15,
40,-55,-5,-15,5,71,-77,15,
40,-50,-5,-15,0,76,-77,15,
40,-45,-5,-15,-5,81,-77,15,
40,-40,-5,-15,-9,85,-76,15,
40,-35,-5,-15,-14,88,-75,15,
40,-30,-5,-15,-19,92,-74,15,
40,-25,-5,-15,-23,94,-72,15,
40,-20,-5,-15,-28,97,-69,15,
40,-15,-5,-15,-32,98,-67,15,
40,-10,-5,-15,-37,100,-63,15,
40,-5,-5,-15,-41,100,-60,15,
40,0,-5,-15,-45,101,-56,15,
40,5,-5,-15,-49,100,-52,15,
40,10,-5,-15,-53,100,-47,15,
40,15,-5,-15,-57,99,-43,15,
40,20,-5,-15,-60,97,-38,15,
40,25,-5,-15,-62,95,-33,15,
40,30,-5,-15,-65,92,-28,15,
40,35,-5,-15,-67,89,-23,15,
40,40,-5,-15,-69,86,-18,15,
40,45,-5,-15,-70,81,-12,15,
40,50,-5,-15,-70,77,-6,15,
40,55,-5,-15,-71,72,-1,15,
40,60,-5,-15,-71,66,5,15,
45,-60,-5,-17,11,64,-74,17,
45,-55,-5,-17,6,69,-75,17,
45,-50,-5,-17,1,74,-76,17,
45,-45,-5,-17,-4,79,-75,17,
45,-40,-5,-17,-9,83,-75,17,
45,-35,-5,-17,-14,87,-74,17,
45,-30,-5,-17,-18,90,-72,17,
45,-25,-5,-17,-23,92,-70,17,
45,-20,-5,-17,-27,95,-68,17,
45,-15,-5,-17,-32,96,-65,17,
45,-10,-5,-17,-36,98,-62,17,
45,-5,-5,-17,-41,98,-59,17,
45,0,-5,-17,-45,99,-55,17,
45,5,-5,-17,-48,98,-51,17,
45,10,-5,-17,-52,98,-46,17,
45,15,-5,-17,-55,97,-42,17,
45,20,-5,-17,-59,95,-37,17,
45,25,-5,-17,-61,93,-32,17,
45,30,-5,-17,-64,90,-27,17,
45,35,-5,-17,-66,87,-22,17,
45,40,-5,-17,-67,84,-17,17,
45,45,-5,-17,-68,80,-11,17,
45,50,-5,-17,-69,75,-6,17,
45,55,-5,-17,-69,70,0,17,
45,60,-5,-17,-69,64,5,17,
50,-60,-5,-19,11,61,-72,19,
50,-55,-5,-19,6,66,-73,19,
50,-50,-5,-19,1,72,-74,19,
50,-45,-5,-19,-4,77,-74,19,
50,-40,-5,-19,-9,81,-73,19,
50,-35,-5,-19,-13,84,-72,19,
50,-30,-5,-19,-18,88,-71,19,
50,-25,-5,-19,-22,90,-69,19,
50,-20,-5,-19,-27,92,-66,19,
50,-15,-5,-19,-31,94,-64,19,
50,-10,-5,-19,-36,95,-61,19,
50,-5,-5,-19,-40,96,-57,19,
50,0,-5,-19,-44,97,-53,19,
50,5,-5,-19,-48,96,-49,19,
50,10,-5,-19,-51,96,-45,19,
50,15,-5,-19,-54,95,-41,19,
50,20,-5,-19,-57,93,-36,19,
50,25,-5,-19,-60,91,-31,19,
50,30,-5,-19,-62,88,-26,19,
50,35,-5,-19,-64,85,-21,19,
50,40,-5,-19,-66,82,-16,19,
50,45,-5,-19,-67,77,-11,19,
50,50,-5,-19,-68,73,-5,19,
50,55,-5,-19,-68,67,0,19,
50,60,-5,-19,-67,61,6,19,
-50,-60,0,18,13,53,-66,-18,
-50,-55,0,18,8,59,-67,-18,
-50,-50,0,18,3,64,-68,-18,
-50,-45,0,18,-2,69,-68,-18,
-50,-40,0,18,-7,74,-68,-18,
-50,-35,0,18,-12,78,-67,-18,
-50,-30,0,18,-16,81,-65,-18,
-50,-25,0,18,-20,83,-64,-18,
-50,-20,0,18,-25,86,-62,-18,
-50,-15,0,18,-29,87,-59,-18,
-50,-10,0,18,-33,89,-56,-18,
-50,-5,0,18,-37,89,-53,-18,
-50,0,0,18,-41,90,-50,-18,
-50,5,0,18,-44,90,-46,-18,
-50,10,0,18,-48,89,-42,-18,
-50,15,0,18,-51,88,-37,-18,
-50,20,0,18,-54,86,-33,-18,
-50,25,0,18,-56,84,-28,-18,
-50,30,0,18,-58,81,-24,-18,
-50,35,0,18,-60,78,-19,-18,
-50,40,0,18,-61,75,-13,-18,
-50,45,0,18,-62,70,-8,-18,
-50,50,0,18,-63,65,-3,-18,
-50,55,0,18,-63,60,3,-18,
-50,60,0,18,-62,53,9,-18,
-45,-60,0,17,12,56,-68,-17,
-45,-55,0,17,7,61,-69,-17,
-45,-50,0,17,2,67,-70,-17,
-45,-45,0,17,-3,72,-70,-17,
-45,-40,0,17,-8,76,-69,-17,
-45,-35,0,17,-12,80,-68,-17,
-45,-30,0,17,-17,83,-67,-17,
-45,-25,0,17,-21,86,-65,-17,
-45,-20,0,17,-25,88,-63,-17,
-45,-15,0,17,-30,90,-61,-17,
-45,-10,0,17,-34,91,-58,-17,
-45,-5,0,17,-38,92,-54,-17,
-45,0,0,17,-42,92,-51,-17,
-45,5,0,17,-45,92,-47,-17,
-45,10,0,17,-49,91,-43,-17,
-45,15,0,17,-52,90,-39,-17,
-45,20,0,17,-55,88,-34,-17,
-45,25,0,17,-57,86,-29,-17,
-45,30,0,17,-59,84,-25,-17,
-45,35,0,17,-61,81,-20,-17,
-45,40,0,17,-63,77,-14,-17,
-45,45,0,17,-64,73,-9,-17,
-45,50,0,17,-64,68,-4,-17,
-45,55,0,17,-64,62,2,-17,
-45,60,0,17,-64,56,8,-17,
-40,-60,0,15,12,58,-70,-15,
-40,-55,0,15,7,64,-71,-15,
-40,-50,0,15,2,69,-71,-15,
-40,-45,0,15,-3,74,-71,-15,
-40,-40,0,15,-8,78,-71,-15,
-40,-35,0,15,-13,82,-70,-15,
-40,-30,0,15,-17,85,-69,-15,
-40,-25,0,15,-22,88,-67,-15,
-40,-20,0,15,-26,90,-64,-15,
-40,-15,0,15,-30,92,-62,-15,
-40,-10,0,15,-35,93,-59,-15,
-40,-5,0,15,-39,94,-56,-15,
-40,0,0,15,-43,94,-52,-15,
-40,5,0,15,-46,94,-48,-15,
-40,10,0,15,-50,93,-44,-15,
-40,15,0,15,-53,92,-40,-15,
-40,20,0,15,-56,90,-35,-15,
-40,25,0,15,-58,88,-30,-15,
-40,30,0,15,-61,86,-25,-15,
-40,35,0,15,-63,83,-20,-15,
-40,40,0,15,-64,79,-15,-15,
-40,45,0,15,-65,75,-10,-15,
-40,50,0,15,-66,70,-4,-15,
-40,55,0,15,-66,65,1,-15,
-40,60,0,15,-65,58,7,-15,
-35,-60,0,13,11,60,-71,-13,
-35,-55,0,13,6,65,-72,-13,
-35,-50,0,13,1,71,-73,-13,
-35,-45,0,13,-4,76,-73,-13,
-35,-40,0,13,-8,80,-72,-13,
-35,-35,0,13,-13,83,-71,-13,
-35,-30,0,13,-18,87,-70,-13,
-35,-25,0,13,-22,89,-68,-13,
-35,-20,0,13,-27,91,-66,-13,
-35,-15,0,13,-31,93,-63,-13,
-35,-10,0,13,-35,95,-60,-13,
-35,-5,0,13,-39,95,-57,-13,
-35,0,0,13,-43,96,-53,-13,
-35,5,0,13,-47,95,-49,-13,
-35,10,0,13,-51,95,-45,-13,
-35,15,0,13,-54,94,-40,-13,
-35,20,0,13,-57,92,-36,-13,
-35,25,0,13,-59,90,-31,-13,
-35,30,0,13,-62,87,-26,-13,
-35,35,0,13,-64,84,-21,-13,
-35,40,0,13,-65,81,-16,-13,
-35,45,0,13,-66,76,-10,-13,
-35,50,0,13,-67,72,-5,-13,
-35,55,0,13,-67,66,1,-13,
-35,60,0,13,-67,60,6,-13,
-30,-60,0,11,11,62,-73,-11,
-30,-55,0,11,6,67,-74,-11,
-30,-50,0,11,1,72,-74,-11,
-30,-45,0,11,-4,77,-74,-11,
-30,-40,0,11,-9,81,-73,-11,
-30,-35,0,11,-13,85,-72,-11,
-30,-30,0,11,-18,88,-71,-11,
-30,-25,0,11,-22,91,-69,-11,
-30,-20,0,11,-27,93,-67,-11,
-30,-15,0,11,-31,95,-64,-11,
-30,-10,0,11,-36,96,-61,-11,
-30,-5,0,11,-40,97,-58,-11,
-30,0,0,11,-44,97,-54,-11,
-30,5,0,11,-48,97,-50,-11,
-30,10,0,11,-51,96,-46,-11,
-30,15,0,11,-55,95,-41,-11,
-30,20,0,11,-58,93,-36,-11,
-30,25,0,11,-60,91,-32,-11,
-30,30,0,11,-63,89,-27,-11,
-30,35,0,11,-65,86,-22,-11,
-30,40,0,11,-66,82,-16,-11,
-30,45,0,11,-67,78,-11,-11,
-30,50,0,11,-68,73,-5,-11,
-30,55,0,11,-68,68,0,-11,
-30,60,0,11,-68,62,6,-11,
-25,-60,0,9,11,63,-74,-9,
-25,-55,0,9,6,68,-75,-9,
-25,-50,0,9,1,74,-75,-9,
-25,-45,0,9,-4,78,-75,-9,
-25,-40,0,9,-9,83,-74,-9,
-25,-35,0,9,-14,86,-73,-9,
-25,-30,0,9,-18,90,-72,-9,
-25,-25,0,9,-23,92,-70,-9,
-25,-20,0,9,-27,94,-68,-9,
-25,-15,0,9,-32,96,-65,-9,
-25,-10,0,9,-36,97,-62,-9,
-25,-5,0,9,-40,98,-58,-9,
-25,0,0,9,-44,98,-55,-9,
-25,5,0,9,-48,98,-50,-9,
-25,10,0,9,-52,97,-46,-9,
-25,15,0,9,-55,96,-42,-9,
-25,20,0,9,-58,95,-37,-9,
-25,25,0,9,-61,93,-32,-9,
-25,30,0,9,-63,90,-27,-9,
-25,35,0,9,-65,87,-22,-9,
-25,40,0,9,-67,83,-16,-9,
-25,45,0,9,-68,79,-11,-9,
-25,50,0,9,-69,75,-6,-9,
-25,55,0,9,-69,69,0,-9,
-25,60,0,9,-69,63,5,-9,
-20,-60,0,8,10,64,-75,-8,
-20,-55,0,8,5,69,-76,-8,
-20,-50,0,8,0,75,-76,-8,
-20,-45,0,8,-4,79,-76,-8,
-20,-40,0,8,-9,84,-75,-8,
-20,-35,0,8,-14,87,-74,-8,
-20,-30,0,8,-18,90,-73,-8,
-20,-25,0,8,-23,93,-71,-8,
-20,-20,0,8,-28,95,-68,-8,
-20,-15,0,8,-32,97,-66,-8,
-20,-10,0,8,-36,98,-62,-8,
-20,-5,0,8,-41,99,-59,-8,
-20,0,0,8,-45,99,-55,-8,
-20,5,0,8,-49,99,-51,-8,
-20,10,0,8,-52,98,-47,-8,
-20,15,0,8,-56,97,-42,-8,
-20,20,0,8,-59,96,-37,-8,
-20,25,0,8,-62,94,-32,-8,
-20,30,0,8,-64,91,-27,-8,
-20,35,0,8,-66,88,-22,-8,
-20,40,0,8,-68,84,-17,-8,
-20,45,0,8,-69,80,-11,-8,
-20,50,0,8,-70,76,-6,-8,
-20,55,0,8,-70,70,-1,-8,
-20,60,0,8,-70,64,5,-8,
-15,-60,0,6,10,65,-75,-6,
-15,-55,0,6,5,70,-76,-6,
-15,-50,0,6,0,76,-77,-6,
-15,-45,0,6,-4,80,-77,-6,
-15,-40,0,6,-9,84,-76,-6,
-15,-35,0,6,-14,88,-75,-6,
-15,-30,0,6,-19,91,-73,-6,
-15,-25,0,6,-23,94,-71,-6,
-15,-20,0,6,-28,96,-69,-6,
-15,-15,0,6,-32,98,-66,-6,
-15,-10,0,6,-37,99,-63,-6,
-15,-5,0,6,-41,100,-59,-6,
-15,0,0,6,-45,100,-56,-6,
-15,5,0,6,-49,100,-51,-6,
-15,10,0,6,-53,99,-47,-6,
-15,15,0,6,-56,98,-42,-6,
-15,20,0,6,-59,97,-38,-6,
-15,25,0,6,-62,94,-33,-6,
-15,30,0,6,-65,92,-28,-6,
-15,35,0,6,-67,89,-23,-6,
-15,40,0,6,-68,85,-17,-6,
-15,45,0,6,-69,81,-12,-6,
-15,50,0,6,-70,76,-6,-6,
-15,55,0,6,-70,71,-1,-6,
-15,60,0,6,-70,65,5,-6,
-10,-60,0,4,10,66,-76,-4,
-10,-55,0,4,5,71,-77,-4,
-10,-50,0,4,0,76,-77,-4,
-10,-45,0,4,-5,81,-77,-4,
-10,-40,0,4,-9,85,-76,-4,
-10,-35,0,4,-14,89,-75,-4,
-10,-30,0,4,-19,92,-74,-4,
-10,-25,0,4,-23,94,-72,-4,
-10,-20,0,4,-28,97,-69,-4,
-10,-15,0,4,-32,98,-67,-4,
-10,-10,0,4,-37,100,-63,-4,
-10,-5,0,4,-41,100,-60,-4,
-10,0,0,4,-45,101,-56,-4,
-10,5,0,4,-49,100,-52,-4,
-10,10,0,4,-53,100,-47,-4,
-10,15,0,4,-57,99,-43,-4,
-10,20,0,4,-60,97,-38,-4,
-10,25,0,4,-62,95,-33,-4,
-10,30,0,4,-65,92,-28,-4,
-10,35,0,4,-67,89,-23,-4,
-10,40,0,4,-69,86,-18,-4,
-10,45,0,4,-70,82,-12,-4,
-10,50,0,4,-71,77,-7,-4,
-10,55,0,4,-71,72,-1,-4,
-10,60,0,4,-71,66,5,-4,
-5,-60,0,2,10,66,-76,-2,
-5,-55,0,2,5,71,-77,-2,
-5,-50,0,2,0,76,-77,-2,
-5,-45,0,2,-5,81,-77,-2,
-5,-40,0,2,-9,85,-77,-2,
-5,-35,0,2,-14,89,-76,-2,
-5,-30,0,2,-19,92,-74,-2,
-5,-25,0,2,-23,95,-72,-2,
-5,-20,0,2,-28,97,-70,-2,
-5,-15,0,2,-33,99,-67,-2,
-5,-10,0,2,-37,100,-64,-2,
-5,-5,0,2,-41,101,-60,-2,
-5,0,0,2,-46,101,-56,-2,
-5,5,0,2,-50,101,-52,-2,
-5,10,0,2,-53,100,-48,-2,
-5,15,0,2,-57,99,-43,-2,
-5,20,0,2,-60,97,-38,-2,
-5,25,0,2,-63,95,-33,-2,
-5,30,0,2,-65,93,-28,-2,
-5,35,0,2,-67,90,-23,-2,
-5,40,0,2,-69,86,-17,-2,
-5,45,0,2,-70,82,-12,-2,
-5,50,0,2,-71,77,-7,-2,
-5,55,0,2,-71,72,-1,-2,
-5,60,0,2,-71,66,5,-2,
0,-60,0,0,10,66,-76,0,
0,-55,0,0,5,71,-77,0,
0,-50,0,0,0,77,-78,0,
0,-45,0,0,-5,81,-77,0,
0,-40,0,0,-9,85,-77,0,
0,-35,0,0,-14,89,-76,0,
0,-30,0,0,-19,92,-74,0,
0,-25,0,0,-23,95,-72,0,
0,-20,0,0,-28,97,-70,0,
0,-15,0,0,-33,99,-67,0,
0,-10,0,0,-37,100,-64,0,
0,-5,0,0,-41,101,-60,0,
0,0,0,0,-46,101,-56,0,
0,5,0,0,-50,101,-52,0,
0,10,0,0,-53,100,-48,0,
0,15,0,0,-57,99,-43,0,
0,20,0,0,-60,98,-38,0,
0,25,0,0,-63,95,-33,0,
0,30,0,0,-65,93,-28,0,
0,35,0,0,-67,90,-23,0,
0,40,0,0,-69,86,-17,0,
0,45,0,0,-70,82,-12,0,
0,50,0,0,-71,77,-7,0,
0,55,0,0,-71,72,-1,0,
0,60,0,0,-71,66,5,0,
5,-60,0,-2,10,66,-76,2,
5,-55,0,-2,5,71,-77,2,
5,-50,0,-2,0,76,-77,2,
5,-45,0,-2,-5,81,-77,2,
5,-40,0,-2,-9,85,-77,2,
5,-35,0,-2,-14,89,-76,2,
5,-30,0,-2,-19,92,-74,2,
5,-25,0,-2,-23,95,-72,2,
5,-20,0,-2,-28,97,-69,2,
5,-15,0,-2,-33,99,-67,2,
5,-10,0,-2,-37,100,-64,2,
5,-5,0,-2,-41,101,-60,2,
5,0,0,-2,-46,101,-56,2,
5,5,0,-2,-50,101,-52,2,
5,10,0,-2,-53,100,-48,2,
5,15,0,-2,-57,99,-43,2,
5,20,0,-2,-60,97,-38,2,
5,25,0,-2,-63,95,-33,2,
5,30,0,-2,-65,93,-28,2,
5,35,0,-2,-67,90,-23,2,
5,40,0,-2,-69,86,-17,2,
5,45,0,-2,-70,82,-12,2,
5,50,0,-2,-71,77,-7,2,
5,55,0,-2,-71,72,-1,2,
5,60,0,-2,-71,66,5,2,
10,-60,0,-4,10,66,-76,4,
10,-55,0,-4,5,71,-77,4,
10,-50,0,-4,0,76,-77,4,
10,-45,0,-4,-5,81,-77,4,
10,-40,0,-4,-9,85,-76,4,
10,-35,0,-4,-14,89,-75,4,
10,-30,0,-4,-19,92,-74,4,
10,-25,0,-4,-23,94,-72,4,
10,-20,0,-4,-28,97,-69,4,
10,-15,0,-4,-33,98,-67,4,
10,-10,0,-4,-37,100,-63,4,
10,-5,0,-4,-41,100,-60,4,
10,0,0,-4,-45,101,-56,4,
10,5,0,-4,-49,100,-52,4,
10,10,0,-4,-53,100,-47,4,
10,15,0,-4,-57,99,-43,4,
10,20,0,-4,-60,97,-38,4,
10,25,0,-4,-62,95,-33,4,
10,30,0,-4,-65,92,-28,4,
10,35,0,-4,-67,89,-23,4,
10,40,0,-4,-69,86,-17,4,
10,45,0,-4,-70,82,-12,4,
10,50,0,-4,-71,77,-7,4,
10,55,0,-4,-71,72,-1,4,
10,60,0,-4,-71,66,5,4,
15,-60,0,-6,10,65,-75,6,
15,-55,0,-6,5,70,-76,6,
15,-50,0,-6,0,76,-77,6,
15,-45,0,-6,-4,80,-77,6,
15,-40,0,-6,-9,84,-76,6,
15,-35,0,-6,-14,88,-75,6,
15,-30,0,-6,-19,91,-73,6,
15,-25,0,-6,-23,94,-71,6,
15,-20,0,-6,-28,96,-69,6,
15,-15,0,-6,-32,98,-66,6,
15,-10,0,-6,-37,99,-63,6,
15,-5,0,-6,-41,100,-59,6,
15,0,0,-6,-45,100,-56,6,
15,5,0,-6,-49,100,-51,6,
15,10,0,-6,-53,99,-47,6,
15,15,0,-6,-56,98,-42,6,
15,20,0,-6,-59,97,-38,6,
15,25,0,-6,-62,94,-33,6,
15,30,0,-6,-65,92,-28,6,
15,35,0,-6,-67,89,-23,6,
15,40,0,-6,-68,85,-17,6,
15,45,0,-6,-69,81,-12,6,
15,50,0,-6,-70,76,-6,6,
15,55,0,-6,-70,71,-1,6,
15,60,0,-6,-70,65,5,6,
20,-60,0,-8,10,64,-75,8,
20,-55,0,-8,5,69,-76,8,
20,-50,0,-8,0,75,-76,8,
20,-45,0,-8,-4,79,-76,8,
20,-40,0,-8,-9,84,-75,8,
20,-35,0,-8,-14,87,-74,8,
20,-30,0,-8,-18,90,-73,8,
20,-25,0,-8,-23,93,-71,8,
20,-20,0,-8,-28,95,-68,8,
20,-15,0,-8,-32,97,-66,8,
20,-10,0,-8,-36,98,-62,8,
20,-5,0,-8,-41,99,-59,8,
20,0,0,-8,-45,99,-55,8,
20,5,0,-8,-49,99,-51,8,
20,10,0,-8,-52,98,-47,8,
20,15,0,-8,-56,97,-42,8,
20,20,0,-8,-59,96,-37,8,
20,25,0,-8,-62,94,-32,8,
20,30,0,-8,-64,91,-27,8,
20,35,0,-8,-66,88,-22,8,
20,40,0,-8,-68,84,-17,8,
20,45,0,-8,-69,80,-11,8,
20,50,0,-8,-70,76,-6,8,
20,55,0,-8,-70,70,-1,8,
20,60,0,-8,-70,64,5,8,
25,-60,0,-9,11,63,-74,9,
25,-55,0,-9,6,68,-75,9,
25,-50,0,-9,1,74,-75,9,
25,-45,0,-9,-4,78,-75,9,
25,-40,0,-9,-9,83,-74,9,
25,-35,0,-9,-14,86,-73,9,
25,-30,0,-9,-18,89,-72,9,
25,-25,0,-9,-23,92,-70,9,
25,-20,0,-9,-27,94,-68,9,
25,-15,0,-9,-32,96,-65,9,
25,-10,0,-9,-36,97,-62,9,
25,-5,0,-9,-40,98,-58,9,
25,0,0,-9,-44,98,-55,9,
25,5,0,-9,-48,98,-50,9,
25,10,0,-9,-52,97,-46,9,
25,15,0,-9,-55,96,-42,9,
25,20,0,-9,-58,95,-37,9,
25,25,0,-9,-61,93,-32,9,
25,30,0,-9,-63,90,-27,9,
25,35,0,-9,-65,87,-22,9,
25,40,0,-9,-67,83,-16,9,
25,45,0,-9,-68,79,-11,9,
25,50,0,-9,-69,75,-6,9,
25,55,0,-9,-69,69,0,9,
25,60,0,-9,-69,63,5,9,
30,-60,0,-11,11,62,-73,11,
30,-55,0,-11,6,67,-74,11,
30,-50,0,-11,1,72,-74,11,
30,-45,0,-11,-4,77,-74,11,
30,-40,0,-11,-9,81,-73,11,
30,-35,0,-11,-13,85,-72,11,
30,-30,0,-11,-18,88,-71,11,
30,-25,0,-11,-22,91,-69,11,
30,-20,0,-11,-27,93,-67,11,
30,-15,0,-11,-31,95,-64,11,
30,-10,0,-11,-36,96,-61,11,
30,-5,0,-11,-40,97,-58,11,
30,0,0,-11,-44,97,-54,11,
30,5,0,-11,-48,97,-50,11,
30,10,0,-11,-51,96,-45,11,
30,15,0,-11,-55,95,-41,11,
30,20,0,-11,-58,94,-36,11,
30,25,0,-11,-60,91,-32,11,
30,30,0,-11,-63,89,-27,11,
30,35,0,-11,-65,86,-22,11,
30,40,0,-11,-66,82,-16,11,
30,45,0,-11,-67,78,-11,11,
30,50,0,-11,-68,73,-5,11,
30,55,0,-11,-68,68,0,11,
30,60,0,-11,-68,62,6,11,
35,-60,0,-13,11,60,-71,13,
35,-55,0,-13,6,65,-72,13,
35,-50,0,-13,1,71,-73,13,
35,-45,0,-13,-4,76,-73,13,
35,-40,0,-13,-8,80,-72,13,
35,-35,0,-13,-13,83,-71,13,
35,-30,0,-13,-18,87,-70,13,
35,-25,0,-13,-22,89,-68,13,
35,-20,0,-13,-27,92,-66,13,
35,-15,0,-13,-31,93,-63,13,
35,-10,0,-13,-35,95,-60,13,
35,-5,0,-13,-39,95,-57,13,
35,0,0,-13,-43,96,-53,13,
35,5,0,-13,-47,95,-49,13,
35,10,0,-13,-51,95,-45,13,
35,15,0,-13,-54,94,-40,13,
35,20,0,-13,-57,92,-35,13,
35,25,0,-13,-59,90,-31,13,
35,30,0,-13,-62,87,-26,13,
35,35,0,-13,-64,84,-21,13,
35,40,0,-13,-65,81,-16,13,
35,45,0,-13,-66,76,-10,13,
35,50,0,-13,-67,72,-5,13,
35,55,0,-13,-67,66,1,13,
35,60,0,-13,-67,60,6,13,
40,-60,0,-15,12,58,-70,15,
40,-55,0,-15,7,64,-71,15,
40,-50,0,-15,2,69,-71,15,
40,-45,0,-15,-3,74,-71,15,
40,-40,0,-15,-8,78,-71,15,
40,-35,0,-15,-13,82,-70,15,
40,-30,0,-15,-17,85,-69,15,
40,-25,0,-15,-22,88,-67,15,
40,-20,0,-15,-26,90,-65,15,
40,-15,0,-15,-30,92,-62,15,
40,-10,0,-15,-35,93,-59,15,
40,-5,0,-15,-39,94,-56,15,
40,0,0,-15,-43,94,-52,15,
40,5,0,-15,-46,94,-48,15,
40,10,0,-15,-50,93,-44,15,
40,15,0,-15,-53,92,-40,15,
40,20,0,-15,-56,90,-35,15,
40,25,0,-15,-58,88,-30,15,
40,30,0,-15,-61,86,-25,15,
40,35,0,-15,-63,83,-20,15,
40,40,0,-15,-64,79,-15,15,
40,45,0,-15,-65,75,-10,15,
40,50,0,-15,-66,70,-4,15,
40,55,0,-15,-66,65,1,15,
40,60,0,-15,-65,58,7,15,
45,-60,0,-17,12,56,-68,17,
45,-55,0,-17,7,61,-69,17,
45,-50,0,-17,2,67,-70,17,
45,-45,0,-17,-3,72,-70,17,
45,-40,0,-17,-8,76,-69,17,
45,-35,0,-17,-12,80,-68,17,
45,-30,0,-17,-17,83,-67,17,
45,-25,0,-17,-21,86,-65,17,
45,-20,0,-17,-25,88,-63,17,
45,-15,0,-17,-30,90,-60,17,
45,-10,0,-17,-34,91,-58,17,
45,-5,0,-17,-38,92,-54,17,
45,0,0,-17,-42,92,-51,17,
45,5,0,-17,-45,92,-47,17,
45,10,0,-17,-49,91,-43,17,
45,15,0,-17,-52,90,-39,17,
45,20,0,-17,-55,88,-34,17,
45,25,0,-17,-57,86,-29,17,
45,30,0,-17,-59,84,-25,17,
45,35,0,-17,-61,81,-20,17,
45,40,0,-17,-63,77,-14,17,
45,45,0,-17,-64,73,-9,17,
45,50,0,-17,-64,68,-4,17,
45,55,0,-17,-64,62,2,17,
45,60,0,-17,-64,56,8,17,
50,-60,0,-18,13,53,-66,18,
50,-55,0,-18,8,59,-67,18,
50,-50,0,-18,3,64,-68,18,
50,-45,0,-18,-2,69,-68,18,
50,-40,0,-18,-7,74,-68,18,
50,-35,0,-18,-12,78,-67,18,
50,-30,0,-18,-16,81,-65,18,
50,-25,0,-18,-20,83,-64,18,
50,-20,0,-18,-25,86,-62,18,
50,-15,0,-18,-29,87,-59,18,
50,-10,0,-18,-33,89,-56,18,
50,-5,0,-18,-37,89,-53,18,
50,0,0,-18,-41,90,-50,18,
50,5,0,-18,-44,90,-46,18,
50,10,0,-18,-48,89,-42,18,
50,15,0,-18,-51,88,-37,18,
50,20,0,-18,-54,86,-33,18,
50,25,0,-18,-56,84,-29,18,
50,30,0,-18,-58,81,-24,18,
50,35,0,-18,-60,78,-19,18,
50,40,0,-18,-61,75,-13,18,
50,45,0,-18,-62,70,-8,18,
50,50,0,-18,-63,65,-3,18,
50,55,0,-18,-63,60,3,18,
50,60,0,-18,-62,53,9,18,
